mineral_name,element,ima_count,rruff_count,ima,rruff
Aeschynite-(Y),Ca,0.25,0.333333333333333,"(Y,Ln,Ca,Th)(Ti,Nb)_2_(O,OH)_6_","(Y^3+^,Ca,Th^4+^)(Ti^4+^,Nb^5+^)_2_(O,OH)_6_"
Aeschynite-(Y),Th,0.25,0.333333333333333,"(Y,Ln,Ca,Th)(Ti,Nb)_2_(O,OH)_6_","(Y^3+^,Ca,Th^4+^)(Ti^4+^,Nb^5+^)_2_(O,OH)_6_"
Aeschynite-(Y),Y,0.25,0.333333333333333,"(Y,Ln,Ca,Th)(Ti,Nb)_2_(O,OH)_6_","(Y^3+^,Ca,Th^4+^)(Ti^4+^,Nb^5+^)_2_(O,OH)_6_"
Afghanite,Na,11,22,"(Na,K)_22_Ca_10_(Si_24_Al_24_)O_96_(SO_4_)_6_Cl_6_",Na_22_Ca_10_(Si_24_Al_24_)O_96_(S^6+^O_4_)_6_Cl_6_
Albrechtschraufite,H,35,34,MgCa_4_F_2_[UO_2_(CO_3_)_3_]_2_·17-18H_2_O,Ca_4_Mg(U^6+^O_2_)_2_(CO_3_)_6_F_2_·17H_2_O
Albrechtschraufite,O,39.5,39,MgCa_4_F_2_[UO_2_(CO_3_)_3_]_2_·17-18H_2_O,Ca_4_Mg(U^6+^O_2_)_2_(CO_3_)_6_F_2_·17H_2_O
Almarudite,Be,1.5,3,"K([box],Na)_2_(Mn,Fe,Mg)_2_[(Be,Al)_3_Si_12_]O_30_","K([box],Na)_2_Mn^2+^_2_(Be_3_Si_12_)O_30_"
Almarudite,Mn,0.666666666666666,2,"K([box],Na)_2_(Mn,Fe,Mg)_2_[(Be,Al)_3_Si_12_]O_30_","K([box],Na)_2_Mn^2+^_2_(Be_3_Si_12_)O_30_"
Aluminoceladonite,Mg,0.5,1,"K(Mg,Fe^2+^)Al(Si_4_O_10_)(OH)_2_",KMgAlSi_4_O_10_(OH)_2_
Aluminocerite-(Ce),Al,0.5,1,"(Ce,REE,Ca)_9_(Al,Fe^3+^)(SiO_4_)_3_[SiO_3_(OH)]_4_(OH)_3_","(Ce,Ca)_9_Al(SiO_4_)_3_(SiO_3_OH)_4_(OH)_3_"
Aluminocerite-(Ce),Ca,3,4.5,"(Ce,REE,Ca)_9_(Al,Fe^3+^)(SiO_4_)_3_[SiO_3_(OH)]_4_(OH)_3_","(Ce,Ca)_9_Al(SiO_4_)_3_(SiO_3_OH)_4_(OH)_3_"
Aluminocerite-(Ce),Ce,3,4.5,"(Ce,REE,Ca)_9_(Al,Fe^3+^)(SiO_4_)_3_[SiO_3_(OH)]_4_(OH)_3_","(Ce,Ca)_9_Al(SiO_4_)_3_(SiO_3_OH)_4_(OH)_3_"
Alumohydrocalcite,H,12,10,CaAl_2_(CO_3_)_2_(OH)_4_·4H_2_O,CaAl_2_(CO_3_)_2_(OH)_4_·3H_2_O
Alumohydrocalcite,O,14,13,CaAl_2_(CO_3_)_2_(OH)_4_·4H_2_O,CaAl_2_(CO_3_)_2_(OH)_4_·3H_2_O
Andersonite,H,71,11,Na_2_Ca(UO_2_)(CO_3_)_3_·5-66H_2_O,Na_2_Ca(UO_2_)(CO_3_)_3_·5-6H_2_O
Andersonite,O,46.5,16.5,Na_2_Ca(UO_2_)(CO_3_)_3_·5-66H_2_O,Na_2_Ca(UO_2_)(CO_3_)_3_·5-6H_2_O
Ankerite,Fe,0.5,1,"Ca(Fe^2+^,Mg)(CO_3_)_2_",CaFe^2+^(CO_3_)_2_
Augite,Si,2,1,"(Ca,Mg,Fe)_2_Si_2_O_6_","(Ca,Mg,Fe^2+^,Fe^3+^)_2_(Si,Al)_2_O_6_"
Aurichalcite,Zn,2.5,5,"(Zn,Cu)_5_(CO_3_)_2_(OH)_6_",Zn^2+^_5_(CO_3_)_2_(OH)_6_
Babkinite,S,1.5,3,"Pb_2_Bi_2_(S,Se)_3_",Pb_2_Bi_2_S_3_
Baghdadite,Ca,6,3,Ca_6_Zr_2_(Si_2_O_7_)_2_O_4_,Ca_3_Zr^4+^(Si_2_O_7_)O_2_
Baghdadite,O,18,9,Ca_6_Zr_2_(Si_2_O_7_)_2_O_4_,Ca_3_Zr^4+^(Si_2_O_7_)O_2_
Baghdadite,Si,4,2,Ca_6_Zr_2_(Si_2_O_7_)_2_O_4_,Ca_3_Zr^4+^(Si_2_O_7_)O_2_
Baghdadite,Zr,2,1,Ca_6_Zr_2_(Si_2_O_7_)_2_O_4_,Ca_3_Zr^4+^(Si_2_O_7_)O_2_
Baileychlore,Al,3.5,2,"(Zn,Fe^2+^,Al,Mg)_6_(Si,Al)_4_O_10_(OH)_8_",Zn^2+^_5_Al(Si_3_Al)O_10_(OH)_8_
Baileychlore,Si,2,3,"(Zn,Fe^2+^,Al,Mg)_6_(Si,Al)_4_O_10_(OH)_8_",Zn^2+^_5_Al(Si_3_Al)O_10_(OH)_8_
Baileychlore,Zn,1.5,5,"(Zn,Fe^2+^,Al,Mg)_6_(Si,Al)_4_O_10_(OH)_8_",Zn^2+^_5_Al(Si_3_Al)O_10_(OH)_8_
Bambollaite,Se,1,2,"Cu(Se,Te)_2_",CuSe_2_
Baricite,Mg,1.5,3,"(Mg,Fe)_3_(PO_4_)_2_·8H_2_O",Mg_3_(PO_4_)_2_·8H_2_O
Barringerite,Fe,1,2,"(Fe,Ni)_2_P",Fe_2_P
Batisivite,V,4,8,"BaTi_6_(V,Cr)_8_(Si_2_O_7_)O_22_",BaTi^4+^_6_V^3+^_8_Si_2_O_29_
Burpalite,Ca,2,1,Na_4_Ca_2_Zr_2_(Si_2_O_7_)_2_F_4_,Na_2_CaZr^4+^(Si_2_O_7_)F_2_
Burpalite,F,4,2,Na_4_Ca_2_Zr_2_(Si_2_O_7_)_2_F_4_,Na_2_CaZr^4+^(Si_2_O_7_)F_2_
Burpalite,Na,4,2,Na_4_Ca_2_Zr_2_(Si_2_O_7_)_2_F_4_,Na_2_CaZr^4+^(Si_2_O_7_)F_2_
Burpalite,O,14,7,Na_4_Ca_2_Zr_2_(Si_2_O_7_)_2_F_4_,Na_2_CaZr^4+^(Si_2_O_7_)F_2_
Burpalite,Si,4,2,Na_4_Ca_2_Zr_2_(Si_2_O_7_)_2_F_4_,Na_2_CaZr^4+^(Si_2_O_7_)F_2_
Burpalite,Zr,2,1,Na_4_Ca_2_Zr_2_(Si_2_O_7_)_2_F_4_,Na_2_CaZr^4+^(Si_2_O_7_)F_2_
Bussyite-(Ce),Ce,1.5,3,"(Ce,REE)_3_(Na,H_2_O)_6_MnSi_9_Be_5_(O,OH)_30_F_4_","(Na,H_2_O)_6_Ce^3+^_3_Be_5_Mn^2+^Si_9_(O,OH)_30_F_4_"
Calciocatapleiite,H,4,2,CaZrSi_3_O_9_·2H_2_O,CaZr^4+^Si_3_O_9_·H_2_O
Calciocatapleiite,O,11,10,CaZrSi_3_O_9_·2H_2_O,CaZr^4+^Si_3_O_9_·H_2_O
Calciosamarskite,Nb,0.333333333333333,0.25,"(Ca,Fe,Y)(Nb,Ta,Ti)O_4_","(Ca,Fe^3+^,Fe^2+^,Y^3+^)(Nb^5+^Ta^5+^,Ti^4+^)O_4_"
Calciosamarskite,Ta,0.333333333333333,0.25,"(Ca,Fe,Y)(Nb,Ta,Ti)O_4_","(Ca,Fe^3+^,Fe^2+^,Y^3+^)(Nb^5+^Ta^5+^,Ti^4+^)O_4_"
Calciosamarskite,Ti,0.333333333333333,0.5,"(Ca,Fe,Y)(Nb,Ta,Ti)O_4_","(Ca,Fe^3+^,Fe^2+^,Y^3+^)(Nb^5+^Ta^5+^,Ti^4+^)O_4_"
Calcjarlite,Al,12,3,"Na_2_(Ca,[box])_14_(Mg,[box])_2_Al_12_F_64_(OH)_4_",NaCa_3_Al_3_F_16_
Calcjarlite,Ca,14,3,"Na_2_(Ca,[box])_14_(Mg,[box])_2_Al_12_F_64_(OH)_4_",NaCa_3_Al_3_F_16_
Calcjarlite,F,64,16,"Na_2_(Ca,[box])_14_(Mg,[box])_2_Al_12_F_64_(OH)_4_",NaCa_3_Al_3_F_16_
Calcjarlite,Na,2,1,"Na_2_(Ca,[box])_14_(Mg,[box])_2_Al_12_F_64_(OH)_4_",NaCa_3_Al_3_F_16_
Chamosite,Al,4,2,"(Fe^2+^,Mg,Al,Fe^3+^)_6_(Si,Al)_4_O_10_(OH,O)_8_",Fe^2+^_5_Al(AlSi_3_)O_10_(OH)_8_
Chamosite,Fe,2,5,"(Fe^2+^,Mg,Al,Fe^3+^)_6_(Si,Al)_4_O_10_(OH,O)_8_",Fe^2+^_5_Al(AlSi_3_)O_10_(OH)_8_
Chamosite,H,2,8,"(Fe^2+^,Mg,Al,Fe^3+^)_6_(Si,Al)_4_O_10_(OH,O)_8_",Fe^2+^_5_Al(AlSi_3_)O_10_(OH)_8_
Chamosite,O,16,18,"(Fe^2+^,Mg,Al,Fe^3+^)_6_(Si,Al)_4_O_10_(OH,O)_8_",Fe^2+^_5_Al(AlSi_3_)O_10_(OH)_8_
Chamosite,Si,2,3,"(Fe^2+^,Mg,Al,Fe^3+^)_6_(Si,Al)_4_O_10_(OH,O)_8_",Fe^2+^_5_Al(AlSi_3_)O_10_(OH)_8_
Chirvinskyite,Ca,6.5,5,"(Na,Ca)_13_(Fe,Mn,[box])_2_Ti_2_(Zr,Ti)_3_(Si_2_O_7_)_4_(OH,O,F)_12_",(Na_8_Ca_5_)Fe^2+^_2_Ti^4+^_2_Zr^4+^_3_(Si_2_O_7_)_4_O_6_(OH)_6_
Chirvinskyite,Fe,1,2,"(Na,Ca)_13_(Fe,Mn,[box])_2_Ti_2_(Zr,Ti)_3_(Si_2_O_7_)_4_(OH,O,F)_12_",(Na_8_Ca_5_)Fe^2+^_2_Ti^4+^_2_Zr^4+^_3_(Si_2_O_7_)_4_O_6_(OH)_6_
Chirvinskyite,H,2,6,"(Na,Ca)_13_(Fe,Mn,[box])_2_Ti_2_(Zr,Ti)_3_(Si_2_O_7_)_4_(OH,O,F)_12_",(Na_8_Ca_5_)Fe^2+^_2_Ti^4+^_2_Zr^4+^_3_(Si_2_O_7_)_4_O_6_(OH)_6_
Chirvinskyite,Na,6.5,8,"(Na,Ca)_13_(Fe,Mn,[box])_2_Ti_2_(Zr,Ti)_3_(Si_2_O_7_)_4_(OH,O,F)_12_",(Na_8_Ca_5_)Fe^2+^_2_Ti^4+^_2_Zr^4+^_3_(Si_2_O_7_)_4_O_6_(OH)_6_
Chirvinskyite,O,34,40,"(Na,Ca)_13_(Fe,Mn,[box])_2_Ti_2_(Zr,Ti)_3_(Si_2_O_7_)_4_(OH,O,F)_12_",(Na_8_Ca_5_)Fe^2+^_2_Ti^4+^_2_Zr^4+^_3_(Si_2_O_7_)_4_O_6_(OH)_6_
Chirvinskyite,Ti,3.5,2,"(Na,Ca)_13_(Fe,Mn,[box])_2_Ti_2_(Zr,Ti)_3_(Si_2_O_7_)_4_(OH,O,F)_12_",(Na_8_Ca_5_)Fe^2+^_2_Ti^4+^_2_Zr^4+^_3_(Si_2_O_7_)_4_O_6_(OH)_6_
Chirvinskyite,Zr,1.5,3,"(Na,Ca)_13_(Fe,Mn,[box])_2_Ti_2_(Zr,Ti)_3_(Si_2_O_7_)_4_(OH,O,F)_12_",(Na_8_Ca_5_)Fe^2+^_2_Ti^4+^_2_Zr^4+^_3_(Si_2_O_7_)_4_O_6_(OH)_6_
Christelite,O,18,10,Zn_3_Cu_2_(SO_4_)_2_(OH)_6_·4H_2_O,Zn^2+^_3_Cu^2+^_2_(S^6+^_4_)_2_(OH)_6_·4H_2_O
Christelite,S,2,8,Zn_3_Cu_2_(SO_4_)_2_(OH)_6_·4H_2_O,Zn^2+^_3_Cu^2+^_2_(S^6+^_4_)_2_(OH)_6_·4H_2_O
Clinoenstatite,Mg,2,1,Mg_2_Si_2_O_6_,MgSiO_3_
Clinoenstatite,O,6,3,Mg_2_Si_2_O_6_,MgSiO_3_
Clinoenstatite,Si,2,1,Mg_2_Si_2_O_6_,MgSiO_3_
Clinoferrosilite,Fe,2,1,Fe^2+^_2_Si_2_O_6_,Fe^2+^SiO_3_
Clinoferrosilite,O,6,3,Fe^2+^_2_Si_2_O_6_,Fe^2+^SiO_3_
Clinoferrosilite,Si,2,1,Fe^2+^_2_Si_2_O_6_,Fe^2+^SiO_3_
Combeite,Ca,3.5,2,Na_4.5_Ca_3.5_Si_6_O_17.5_(OH)_0.5_,Na_2_Ca_2_Si_3_O_9_
Combeite,Na,4.5,2,Na_4.5_Ca_3.5_Si_6_O_17.5_(OH)_0.5_,Na_2_Ca_2_Si_3_O_9_
Combeite,O,18,9,Na_4.5_Ca_3.5_Si_6_O_17.5_(OH)_0.5_,Na_2_Ca_2_Si_3_O_9_
Combeite,Si,6,3,Na_4.5_Ca_3.5_Si_6_O_17.5_(OH)_0.5_,Na_2_Ca_2_Si_3_O_9_
Cookeite,Al,5.5,5,"(Al,Li)_3_Al_2_(Si,Al)_4_O_10_(OH)_8_",LiAl_4_(Si_3_Al)O_10_(OH)_8_
Cookeite,Li,1.5,1,"(Al,Li)_3_Al_2_(Si,Al)_4_O_10_(OH)_8_",LiAl_4_(Si_3_Al)O_10_(OH)_8_
Cookeite,Si,2,3,"(Al,Li)_3_Al_2_(Si,Al)_4_O_10_(OH)_8_",LiAl_4_(Si_3_Al)O_10_(OH)_8_
Cuspidine,Ca,8,4,Ca_8_(Si_2_O_7_)_2_F_4_,Ca_4_(Si_2_O_7_)F_2_
Cuspidine,F,4,2,Ca_8_(Si_2_O_7_)_2_F_4_,Ca_4_(Si_2_O_7_)F_2_
Cuspidine,O,14,7,Ca_8_(Si_2_O_7_)_2_F_4_,Ca_4_(Si_2_O_7_)F_2_
Cuspidine,Si,4,2,Ca_8_(Si_2_O_7_)_2_F_4_,Ca_4_(Si_2_O_7_)F_2_
Donpeacorite,Mg,1.5,1,"(Mn,Mg)MgSi_2_O_6_",Mn^2+^MgSi_2_O_6_
Donpeacorite,Mn,0.5,1,"(Mn,Mg)MgSi_2_O_6_",Mn^2+^MgSi_2_O_6_
Droninoite,Cl,2,1,Ni_6_Fe^3+^_2_Cl_2_(OH)_16_·4H_2_O,Ni^2+^_3_Fe^3+^Cl(OH)_8_·2H_2_O
Droninoite,Fe,2,1,Ni_6_Fe^3+^_2_Cl_2_(OH)_16_·4H_2_O,Ni^2+^_3_Fe^3+^Cl(OH)_8_·2H_2_O
Droninoite,H,24,12,Ni_6_Fe^3+^_2_Cl_2_(OH)_16_·4H_2_O,Ni^2+^_3_Fe^3+^Cl(OH)_8_·2H_2_O
Droninoite,Ni,6,3,Ni_6_Fe^3+^_2_Cl_2_(OH)_16_·4H_2_O,Ni^2+^_3_Fe^3+^Cl(OH)_8_·2H_2_O
Droninoite,O,20,10,Ni_6_Fe^3+^_2_Cl_2_(OH)_16_·4H_2_O,Ni^2+^_3_Fe^3+^Cl(OH)_8_·2H_2_O
Eltyubyuite,Ca,12,6,Ca_12_Fe^3+^_10_Si_4_O_32_Cl_6_,Ca_6_Fe^3+^_5_Si_2_O_16_Cl_3_
Eltyubyuite,Cl,6,3,Ca_12_Fe^3+^_10_Si_4_O_32_Cl_6_,Ca_6_Fe^3+^_5_Si_2_O_16_Cl_3_
Eltyubyuite,Fe,10,5,Ca_12_Fe^3+^_10_Si_4_O_32_Cl_6_,Ca_6_Fe^3+^_5_Si_2_O_16_Cl_3_
Eltyubyuite,O,32,16,Ca_12_Fe^3+^_10_Si_4_O_32_Cl_6_,Ca_6_Fe^3+^_5_Si_2_O_16_Cl_3_
Eltyubyuite,Si,4,2,Ca_12_Fe^3+^_10_Si_4_O_32_Cl_6_,Ca_6_Fe^3+^_5_Si_2_O_16_Cl_3_
Enstatite,Mg,2,1,Mg_2_Si_2_O_6_,MgSiO_3_
Enstatite,O,6,3,Mg_2_Si_2_O_6_,MgSiO_3_
Enstatite,Si,2,1,Mg_2_Si_2_O_6_,MgSiO_3_
Ferricopiapite,Fe,4.67,4.666666666666667,Fe^3+^_0.67_Fe^3+^_4_(SO_4_)_6_(OH)_2_·20H_2_O,Fe^3+^_2/3_Fe^3+^_4_(S^6+^O_4_)_6_(OH)_2_·20H_2_O
Ferrochiavennite,Be,3.66666666666666,2,"Ca_1-2_Fe[(Si,Al,Be)_5_Be_2_O_13_(OH)_2_]·2H_2_O",Ca_1-2_Fe^2+^Si_5_Be_2_O_13_(OH)_2_·2H_2_O
Ferrochiavennite,Si,1.66666666666666,5,"Ca_1-2_Fe[(Si,Al,Be)_5_Be_2_O_13_(OH)_2_]·2H_2_O",Ca_1-2_Fe^2+^Si_5_Be_2_O_13_(OH)_2_·2H_2_O
Galloplumbogummite,Al,0.999999999999999,1,"Pb(Ga,Al,Ge)_3_(PO_4_)_2_(OH)_6_","Pb(Ga,Al)_2_Ge(PO_4_)_2_(OH)_6_"
Galloplumbogummite,Ga,0.999999999999999,1,"Pb(Ga,Al,Ge)_3_(PO_4_)_2_(OH)_6_","Pb(Ga,Al)_2_Ge(PO_4_)_2_(OH)_6_"
Galloplumbogummite,Ge,0.999999999999999,1,"Pb(Ga,Al,Ge)_3_(PO_4_)_2_(OH)_6_","Pb(Ga,Al)_2_Ge(PO_4_)_2_(OH)_6_"
Garronite-Ca,Ca,3,2.5,Ca_3_(Al_6_Si_10_O_32_)·14H_2_O,NaCa_2.5_(Si_10_Al_6_)O_32_·14H_2_O
Georgbarsanovite,Mn,0.999999999999999,1.5,"Na_12_(Mn,Sr,REE)_3_Ca_6_Fe^2+^_3_Zr_3_NbSi_25_O_76_Cl_2_·H_2_O","Na_12_(Mn^2+^,Sr)_3_Ca_6_Fe^2+^_3_Zr^4+^_3_Nb^5+^Si_25_O_76_Cl_2_·H_2_O"
Georgbarsanovite,Sr,0.999999999999999,1.5,"Na_12_(Mn,Sr,REE)_3_Ca_6_Fe^2+^_3_Zr_3_NbSi_25_O_76_Cl_2_·H_2_O","Na_12_(Mn^2+^,Sr)_3_Ca_6_Fe^2+^_3_Zr^4+^_3_Nb^5+^Si_25_O_76_Cl_2_·H_2_O"
Gjerdingenite-Na,K,2,1,"K_2_Na(Nb,Ti)_4_(Si_4_O_12_)_2_(OH,O)_4_·5H_2_O","(K,Na)_2_Na(Nb^5+^,Ti^4+^)_4_(Si_4_O_12_)_2_(OH,O)_4_·5H_2_O"
Gjerdingenite-Na,Na,1,2,"K_2_Na(Nb,Ti)_4_(Si_4_O_12_)_2_(OH,O)_4_·5H_2_O","(K,Na)_2_Na(Nb^5+^,Ti^4+^)_4_(Si_4_O_12_)_2_(OH,O)_4_·5H_2_O"
Glaucodot,As,1,2,(Co_0.5_Fe_0.5_)AsS,Co^3+^Fe^3+^(AsS)^3-^_2_
Glaucodot,Co,0.5,1,(Co_0.5_Fe_0.5_)AsS,Co^3+^Fe^3+^(AsS)^3-^_2_
Glaucodot,Fe,0.5,1,(Co_0.5_Fe_0.5_)AsS,Co^3+^Fe^3+^(AsS)^3-^_2_
Glaucodot,S,1,2,(Co_0.5_Fe_0.5_)AsS,Co^3+^Fe^3+^(AsS)^3-^_2_
Grayite,Th,0.333333333333333,1,"(Th,Pb,Ca)(PO_4_)·H_2_O",Th^3+^PO_4_·H_2_O
Grossmanite,Ti,0.5,1,"Ca(Ti^3+^,Mg,Ti^4+^)AlSiO_6_",CaTi^3+^AlSiO_6_
Guettardite,As,7.04,1,Pb_8_(Sb_0.56_As_0.44_)_16_S_32_,PbSbAsS_4_
Guettardite,Pb,8,1,Pb_8_(Sb_0.56_As_0.44_)_16_S_32_,PbSbAsS_4_
Guettardite,S,32,4,Pb_8_(Sb_0.56_As_0.44_)_16_S_32_,PbSbAsS_4_
Guettardite,Sb,8.96,1,Pb_8_(Sb_0.56_As_0.44_)_16_S_32_,PbSbAsS_4_
Hannebachite,Ca,1,2,Ca(SO_3_)·0.5H_2_O,(CaS^4+^O_3_)_2_·H_2_O
Hannebachite,H,1,2,Ca(SO_3_)·0.5H_2_O,(CaS^4+^O_3_)_2_·H_2_O
Hannebachite,O,3.5,7,Ca(SO_3_)·0.5H_2_O,(CaS^4+^O_3_)_2_·H_2_O
Hannebachite,S,1,2,Ca(SO_3_)·0.5H_2_O,(CaS^4+^O_3_)_2_·H_2_O
Hematophanite,Cl,0.5,1,"Pb_4_Fe^3+^_3_O_8_(Cl,OH)",Pb^2+^_4_Fe^3+^_3_O_8_Cl^1-^
Hematophanite,O,8.25,8,"Pb_4_Fe^3+^_3_O_8_(Cl,OH)",Pb^2+^_4_Fe^3+^_3_O_8_Cl^1-^
Hielscherite,Ca,6,3,Ca_6_Si_2_[(SO_4_)_2_(SO_3_)_2_(OH)_12_]·22H_2_O,Ca_3_Si(S^6+^O_4_)(S^4+^O_3_)(OH)_6_·11H_2_O
Hielscherite,H,56,28,Ca_6_Si_2_[(SO_4_)_2_(SO_3_)_2_(OH)_12_]·22H_2_O,Ca_3_Si(S^6+^O_4_)(S^4+^O_3_)(OH)_6_·11H_2_O
Hielscherite,O,48,24,Ca_6_Si_2_[(SO_4_)_2_(SO_3_)_2_(OH)_12_]·22H_2_O,Ca_3_Si(S^6+^O_4_)(S^4+^O_3_)(OH)_6_·11H_2_O
Hielscherite,S,4,2,Ca_6_Si_2_[(SO_4_)_2_(SO_3_)_2_(OH)_12_]·22H_2_O,Ca_3_Si(S^6+^O_4_)(S^4+^O_3_)(OH)_6_·11H_2_O
Hielscherite,Si,2,1,Ca_6_Si_2_[(SO_4_)_2_(SO_3_)_2_(OH)_12_]·22H_2_O,Ca_3_Si(S^6+^O_4_)(S^4+^O_3_)(OH)_6_·11H_2_O
Hodrusite,Bi,12,6,Cu_8_Bi_12_S_22_,Cu_4_Bi_6_S_11_
Hodrusite,Cu,8,4,Cu_8_Bi_12_S_22_,Cu_4_Bi_6_S_11_
Hodrusite,S,22,11,Cu_8_Bi_12_S_22_,Cu_4_Bi_6_S_11_
Hydroxyapophyllite-(K),H,16.25,17,"KCa_4_Si_8_O_20_(OH,F)·8H_2_O",KCa_4_Si_8_O_20_(OH)·8H_2_O
Hydroxyapophyllite-(K),O,28.25,29,"KCa_4_Si_8_O_20_(OH,F)·8H_2_O",KCa_4_Si_8_O_20_(OH)·8H_2_O
Jagoite,Cl,6,3,"Pb_18_Fe^3+^_4_[Si_4_(Si,Fe^3+^)_6_][Pb_4_Si_16_(Si,Fe)_4_]O_82_Cl_6_","Pb^2+^_9_Fe^3+^_2_[Si_2_(Si,Fe^3+^)_3_][Pb^2+^_2_Si_8_(Si,Fe^3+^)_2_]O_41_Cl_3_"
Jagoite,Fe,9,4.5,"Pb_18_Fe^3+^_4_[Si_4_(Si,Fe^3+^)_6_][Pb_4_Si_16_(Si,Fe)_4_]O_82_Cl_6_","Pb^2+^_9_Fe^3+^_2_[Si_2_(Si,Fe^3+^)_3_][Pb^2+^_2_Si_8_(Si,Fe^3+^)_2_]O_41_Cl_3_"
Jagoite,O,82,41,"Pb_18_Fe^3+^_4_[Si_4_(Si,Fe^3+^)_6_][Pb_4_Si_16_(Si,Fe)_4_]O_82_Cl_6_","Pb^2+^_9_Fe^3+^_2_[Si_2_(Si,Fe^3+^)_3_][Pb^2+^_2_Si_8_(Si,Fe^3+^)_2_]O_41_Cl_3_"
Jagoite,Pb,22,11,"Pb_18_Fe^3+^_4_[Si_4_(Si,Fe^3+^)_6_][Pb_4_Si_16_(Si,Fe)_4_]O_82_Cl_6_","Pb^2+^_9_Fe^3+^_2_[Si_2_(Si,Fe^3+^)_3_][Pb^2+^_2_Si_8_(Si,Fe^3+^)_2_]O_41_Cl_3_"
Jagoite,Si,25,12.5,"Pb_18_Fe^3+^_4_[Si_4_(Si,Fe^3+^)_6_][Pb_4_Si_16_(Si,Fe)_4_]O_82_Cl_6_","Pb^2+^_9_Fe^3+^_2_[Si_2_(Si,Fe^3+^)_3_][Pb^2+^_2_Si_8_(Si,Fe^3+^)_2_]O_41_Cl_3_"
Juanite,Al,6.5,2,"Ca_10_(Mg,Fe^2+^)_4_(Si,Al)_13_(O,OH)_39_·4H_2_O (?)",Ca_10_Mg_4_Al_2_Si_11_O_39_·4H_2_O
Juanite,H,17.75,8,"Ca_10_(Mg,Fe^2+^)_4_(Si,Al)_13_(O,OH)_39_·4H_2_O (?)",Ca_10_Mg_4_Al_2_Si_11_O_39_·4H_2_O
Juanite,Mg,2,4,"Ca_10_(Mg,Fe^2+^)_4_(Si,Al)_13_(O,OH)_39_·4H_2_O (?)",Ca_10_Mg_4_Al_2_Si_11_O_39_·4H_2_O
Juanite,O,33.25,43,"Ca_10_(Mg,Fe^2+^)_4_(Si,Al)_13_(O,OH)_39_·4H_2_O (?)",Ca_10_Mg_4_Al_2_Si_11_O_39_·4H_2_O
Juanite,Si,6.5,11,"Ca_10_(Mg,Fe^2+^)_4_(Si,Al)_13_(O,OH)_39_·4H_2_O (?)",Ca_10_Mg_4_Al_2_Si_11_O_39_·4H_2_O
Killalaite,Ca,6.4,3.2,Ca_6.4_[H_0.6_Si_2_O_7_]_2_(OH)_2_,Ca_3.2_[H_0.6_Si_2_O_7_](OH)
Killalaite,H,3.2,1.6,Ca_6.4_[H_0.6_Si_2_O_7_]_2_(OH)_2_,Ca_3.2_[H_0.6_Si_2_O_7_](OH)
Killalaite,O,16,8,Ca_6.4_[H_0.6_Si_2_O_7_]_2_(OH)_2_,Ca_3.2_[H_0.6_Si_2_O_7_](OH)
Killalaite,Si,4,2,Ca_6.4_[H_0.6_Si_2_O_7_]_2_(OH)_2_,Ca_3.2_[H_0.6_Si_2_O_7_](OH)
Krieselite,O,4,6,Al_2_(GeO_4_)F_2_,Al_2_GeO_4_(OH)_2_
Kuannersuite-(Ce),Ba,3,6,NaCeBa_3_(PO_4_)_3_F_0.5_Cl_0.5_,Na_2_Ce_2_Ba_6_(PO_4_)_6_FCl
Kuannersuite-(Ce),Ce,1,2,NaCeBa_3_(PO_4_)_3_F_0.5_Cl_0.5_,Na_2_Ce_2_Ba_6_(PO_4_)_6_FCl
Kuannersuite-(Ce),Cl,0.5,1,NaCeBa_3_(PO_4_)_3_F_0.5_Cl_0.5_,Na_2_Ce_2_Ba_6_(PO_4_)_6_FCl
Kuannersuite-(Ce),F,0.5,1,NaCeBa_3_(PO_4_)_3_F_0.5_Cl_0.5_,Na_2_Ce_2_Ba_6_(PO_4_)_6_FCl
Kuannersuite-(Ce),Na,1,2,NaCeBa_3_(PO_4_)_3_F_0.5_Cl_0.5_,Na_2_Ce_2_Ba_6_(PO_4_)_6_FCl
Kuannersuite-(Ce),O,12,24,NaCeBa_3_(PO_4_)_3_F_0.5_Cl_0.5_,Na_2_Ce_2_Ba_6_(PO_4_)_6_FCl
Kuannersuite-(Ce),P,3,6,NaCeBa_3_(PO_4_)_3_F_0.5_Cl_0.5_,Na_2_Ce_2_Ba_6_(PO_4_)_6_FCl
Kuzmenkoite-Mn,H,15,24,K_2_MnTi_4_(Si_4_O_12_)_2_(OH)_4_·5-6H_2_O,"K_4_Mn^2+^_2_Ti^4+^_8_(Si_4_O_12_)_4_(OH,O)_8_·10-12H_2_O"
Kuzmenkoite-Mn,K,2,4,K_2_MnTi_4_(Si_4_O_12_)_2_(OH)_4_·5-6H_2_O,"K_4_Mn^2+^_2_Ti^4+^_8_(Si_4_O_12_)_4_(OH,O)_8_·10-12H_2_O"
Kuzmenkoite-Mn,Mn,1,2,K_2_MnTi_4_(Si_4_O_12_)_2_(OH)_4_·5-6H_2_O,"K_4_Mn^2+^_2_Ti^4+^_8_(Si_4_O_12_)_4_(OH,O)_8_·10-12H_2_O"
Kuzmenkoite-Mn,O,33.5,65,K_2_MnTi_4_(Si_4_O_12_)_2_(OH)_4_·5-6H_2_O,"K_4_Mn^2+^_2_Ti^4+^_8_(Si_4_O_12_)_4_(OH,O)_8_·10-12H_2_O"
Kuzmenkoite-Mn,Si,8,16,K_2_MnTi_4_(Si_4_O_12_)_2_(OH)_4_·5-6H_2_O,"K_4_Mn^2+^_2_Ti^4+^_8_(Si_4_O_12_)_4_(OH,O)_8_·10-12H_2_O"
Kuzmenkoite-Mn,Ti,4,8,K_2_MnTi_4_(Si_4_O_12_)_2_(OH)_4_·5-6H_2_O,"K_4_Mn^2+^_2_Ti^4+^_8_(Si_4_O_12_)_4_(OH,O)_8_·10-12H_2_O"
Labuntsovite-Fe,H,26,24,Na_4_K_4_Fe^2+^_2_Ti_8_O_4_(Si_4_O_12_)_4_(OH)_4_·10-12H_2_O,"Na_4_K_4_Fe^2+^_2_Ti^4+^_8_(Si_4_O_12_)_4_(O,OH)_8_·10-12H_2_O"
Labuntsovite-Fe,O,67,65,Na_4_K_4_Fe^2+^_2_Ti_8_O_4_(Si_4_O_12_)_4_(OH)_4_·10-12H_2_O,"Na_4_K_4_Fe^2+^_2_Ti^4+^_8_(Si_4_O_12_)_4_(O,OH)_8_·10-12H_2_O"
Laitakarite,Se,1.5,3,"Bi_4_(Se,S)_3_",Bi_4_Se_3_
Launayite,S,20,30,"CuPb_10_(Sb,As)_13_S_20_","CuPb_10_(Sb,As)_13_S_30_"
Lavenite,Ca,2,1,"(Na,Ca)_4_(Mn^2+^,Fe^2+^)_2_(Zr,Ti,Nb)_2_(Si_2_O_7_)_2_(O,F)_4_","(Na,Ca)_2_(Mn^2+^,Fe^2+^)(Zr^4+^,Ti^4+^,Nb^5+^)(Si_2_O_7_)(O,F)_2_"
Lavenite,F,2,1,"(Na,Ca)_4_(Mn^2+^,Fe^2+^)_2_(Zr,Ti,Nb)_2_(Si_2_O_7_)_2_(O,F)_4_","(Na,Ca)_2_(Mn^2+^,Fe^2+^)(Zr^4+^,Ti^4+^,Nb^5+^)(Si_2_O_7_)(O,F)_2_"
Lavenite,Fe,1,0.5,"(Na,Ca)_4_(Mn^2+^,Fe^2+^)_2_(Zr,Ti,Nb)_2_(Si_2_O_7_)_2_(O,F)_4_","(Na,Ca)_2_(Mn^2+^,Fe^2+^)(Zr^4+^,Ti^4+^,Nb^5+^)(Si_2_O_7_)(O,F)_2_"
Lavenite,Mn,1,0.5,"(Na,Ca)_4_(Mn^2+^,Fe^2+^)_2_(Zr,Ti,Nb)_2_(Si_2_O_7_)_2_(O,F)_4_","(Na,Ca)_2_(Mn^2+^,Fe^2+^)(Zr^4+^,Ti^4+^,Nb^5+^)(Si_2_O_7_)(O,F)_2_"
Lavenite,Na,2,1,"(Na,Ca)_4_(Mn^2+^,Fe^2+^)_2_(Zr,Ti,Nb)_2_(Si_2_O_7_)_2_(O,F)_4_","(Na,Ca)_2_(Mn^2+^,Fe^2+^)(Zr^4+^,Ti^4+^,Nb^5+^)(Si_2_O_7_)(O,F)_2_"
Lavenite,Nb,0.666666666666666,0.333333333333333,"(Na,Ca)_4_(Mn^2+^,Fe^2+^)_2_(Zr,Ti,Nb)_2_(Si_2_O_7_)_2_(O,F)_4_","(Na,Ca)_2_(Mn^2+^,Fe^2+^)(Zr^4+^,Ti^4+^,Nb^5+^)(Si_2_O_7_)(O,F)_2_"
Lavenite,O,16,8,"(Na,Ca)_4_(Mn^2+^,Fe^2+^)_2_(Zr,Ti,Nb)_2_(Si_2_O_7_)_2_(O,F)_4_","(Na,Ca)_2_(Mn^2+^,Fe^2+^)(Zr^4+^,Ti^4+^,Nb^5+^)(Si_2_O_7_)(O,F)_2_"
Lavenite,Si,4,2,"(Na,Ca)_4_(Mn^2+^,Fe^2+^)_2_(Zr,Ti,Nb)_2_(Si_2_O_7_)_2_(O,F)_4_","(Na,Ca)_2_(Mn^2+^,Fe^2+^)(Zr^4+^,Ti^4+^,Nb^5+^)(Si_2_O_7_)(O,F)_2_"
Lavenite,Ti,0.666666666666666,0.333333333333333,"(Na,Ca)_4_(Mn^2+^,Fe^2+^)_2_(Zr,Ti,Nb)_2_(Si_2_O_7_)_2_(O,F)_4_","(Na,Ca)_2_(Mn^2+^,Fe^2+^)(Zr^4+^,Ti^4+^,Nb^5+^)(Si_2_O_7_)(O,F)_2_"
Lavenite,Zr,0.666666666666666,0.333333333333333,"(Na,Ca)_4_(Mn^2+^,Fe^2+^)_2_(Zr,Ti,Nb)_2_(Si_2_O_7_)_2_(O,F)_4_","(Na,Ca)_2_(Mn^2+^,Fe^2+^)(Zr^4+^,Ti^4+^,Nb^5+^)(Si_2_O_7_)(O,F)_2_"
Luinaite-(OH),Fe,1.5,3,"(Na,[box])(Fe^2+^,Mg)_3_Al_6_(BO_3_)_3_Si_6_O_18_(OH)_4_",NaFe^2+^_3_Al_6_(Si_6_O_18_)(BO_3_)_3_(OH)_3_OH
Lukrahnite,Cu,1,0.5,"CaCuFe^3+^(AsO_4_)_2_(OH,H_2_O)_2_","Ca(Cu^2+^,Zn^2+^)(Fe^3+^,Zn^2+^)(As^5+^O_4_)_2_(OH,H_2_O)_2_"
Lukrahnite,Fe,1,0.5,"CaCuFe^3+^(AsO_4_)_2_(OH,H_2_O)_2_","Ca(Cu^2+^,Zn^2+^)(Fe^3+^,Zn^2+^)(As^5+^O_4_)_2_(OH,H_2_O)_2_"
Magnesioneptunite,Mg,1,2,"KNa_2_Li(Mg,Fe)_2_Ti_2_Si_8_O_24_",KNa_2_LiMg_2_Ti^4+^_2_Si_8_O_24_
Magnussonite,As,6,3,"Mn^2+^_10_As^3+^_6_O_18_(OH,Cl)_2_","Mn^2+^_5_As^3+^_3_O_9_(OH,Cl)"
Magnussonite,Cl,1,0.5,"Mn^2+^_10_As^3+^_6_O_18_(OH,Cl)_2_","Mn^2+^_5_As^3+^_3_O_9_(OH,Cl)"
Magnussonite,H,0.5,0.25,"Mn^2+^_10_As^3+^_6_O_18_(OH,Cl)_2_","Mn^2+^_5_As^3+^_3_O_9_(OH,Cl)"
Magnussonite,Mn,10,5,"Mn^2+^_10_As^3+^_6_O_18_(OH,Cl)_2_","Mn^2+^_5_As^3+^_3_O_9_(OH,Cl)"
Magnussonite,O,18.5,9.25,"Mn^2+^_10_As^3+^_6_O_18_(OH,Cl)_2_","Mn^2+^_5_As^3+^_3_O_9_(OH,Cl)"
Manganbelyankinite,Mn,1,0.5,"Mn^2+^(Ti,Nb)_5_O_12_·9H_2_O","(Mn^2+^,Ca)(Ti^4+^,Nb^5+^)_5_O_12_·9H_2_O"
Mapiquiroite,Fe,11,7.99999999999999,"(Sr,Pb)(U,Y)Fe_2_(Ti,Fe^3+^)_18_O_38_","(Sr,Pb^2+^)(U^4+^,Y^3+^)Fe^3+^_2_(Ti^4+^,Fe^3+^,Cr^3+^)_18_O_38_"
Mapiquiroite,Ti,9,5.99999999999999,"(Sr,Pb)(U,Y)Fe_2_(Ti,Fe^3+^)_18_O_38_","(Sr,Pb^2+^)(U^4+^,Y^3+^)Fe^3+^_2_(Ti^4+^,Fe^3+^,Cr^3+^)_18_O_38_"
Marumoite,As,40,10,Pb_32_As_40_S_92_,Pb^2+^_8_As^3+^_10_S^2-^_23_
Marumoite,Pb,32,8,Pb_32_As_40_S_92_,Pb^2+^_8_As^3+^_10_S^2-^_23_
Marumoite,S,92,23,Pb_32_As_40_S_92_,Pb^2+^_8_As^3+^_10_S^2-^_23_
Mendeleevite-(Ce),Ca,9.99999999999999,15,"Cs_6_(Ce,REE,Ca)_30_(Si_70_O_175_)(OH,F,H_2_O)_35_","Cs^1+^_6_(Ce^3+^,Ca)_30_(Si_70_O_175_)(OH,F,H_2_O)_35_"
Mendeleevite-(Ce),Ce,9.99999999999999,15,"Cs_6_(Ce,REE,Ca)_30_(Si_70_O_175_)(OH,F,H_2_O)_35_","Cs^1+^_6_(Ce^3+^,Ca)_30_(Si_70_O_175_)(OH,F,H_2_O)_35_"
Mendeleevite-(Nd),Ca,9.99999999999999,15,"Cs_6_(Nd,REE,Ca)_30_(Si_70_O_175_)(OH,F,H_2_O)_35_","Cs^1+^_6_(Nd^3+^,Ca)_30_(Si_70_O_175_)(OH,F,H_2_O)_35_"
Mendeleevite-(Nd),Nd,9.99999999999999,15,"Cs_6_(Nd,REE,Ca)_30_(Si_70_O_175_)(OH,F,H_2_O)_35_","Cs^1+^_6_(Nd^3+^,Ca)_30_(Si_70_O_175_)(OH,F,H_2_O)_35_"
Metanovacekite,H,16,12,Mg(UO_2_)_2_(AsO_4_)_2_·8H_2_O,Mg(U^6+^O_2_)_2_(As^5+^O_4_)_2_·4-8H_2_O
Metanovacekite,O,20,18,Mg(UO_2_)_2_(AsO_4_)_2_·8H_2_O,Mg(U^6+^O_2_)_2_(As^5+^O_4_)_2_·4-8H_2_O
Meurigite-K,H,20,19,KFe^3+^_8_(PO_4_)_6_(OH)_7_·6.5H_2_O,[K(H_2_O)_2.5_][Fe^3+^_8_(PO_4_)_6_(OH)_7_]·4H_2_O
Meurigite-K,O,37.5,37,KFe^3+^_8_(PO_4_)_6_(OH)_7_·6.5H_2_O,[K(H_2_O)_2.5_][Fe^3+^_8_(PO_4_)_6_(OH)_7_]·4H_2_O
Milanriederite,Al,6.66666666666666,8,"(Ca,REE)_19_Fe^3+^Al_4_(Mg,Al,Fe^3+^)_8_Si_18_O_68_(OH,O)_10_",Ca_19_Fe^3+^Al_4_(Mg_4_Al_4_)Si_18_O_67_(OH)_11_
Milanriederite,Ca,9.5,19,"(Ca,REE)_19_Fe^3+^Al_4_(Mg,Al,Fe^3+^)_8_Si_18_O_68_(OH,O)_10_",Ca_19_Fe^3+^Al_4_(Mg_4_Al_4_)Si_18_O_67_(OH)_11_
Milanriederite,Fe,3.66666666666666,1,"(Ca,REE)_19_Fe^3+^Al_4_(Mg,Al,Fe^3+^)_8_Si_18_O_68_(OH,O)_10_",Ca_19_Fe^3+^Al_4_(Mg_4_Al_4_)Si_18_O_67_(OH)_11_
Milanriederite,H,2.5,11,"(Ca,REE)_19_Fe^3+^Al_4_(Mg,Al,Fe^3+^)_8_Si_18_O_68_(OH,O)_10_",Ca_19_Fe^3+^Al_4_(Mg_4_Al_4_)Si_18_O_67_(OH)_11_
Milanriederite,Mg,2.66666666666666,4,"(Ca,REE)_19_Fe^3+^Al_4_(Mg,Al,Fe^3+^)_8_Si_18_O_68_(OH,O)_10_",Ca_19_Fe^3+^Al_4_(Mg_4_Al_4_)Si_18_O_67_(OH)_11_
Milanriederite,O,75.5,78,"(Ca,REE)_19_Fe^3+^Al_4_(Mg,Al,Fe^3+^)_8_Si_18_O_68_(OH,O)_10_",Ca_19_Fe^3+^Al_4_(Mg_4_Al_4_)Si_18_O_67_(OH)_11_
Minehillite,K,1,2.5,"(K,Na)_2_Ca_28_Zn_5_Al_4_Si_40_O_112_(OH)_16_",K_2-3_Ca_28_Zn^2+^_5_Al_4_Si_40_O_112_(OH)_16_
Muirite,H,1.66666666666667,10,"Ba_10_Ca_2_Mn^2+^TiSi_10_O_30_(OH,Cl,F)_10_",Ba_10_Ca_2_Mn^2+^Ti^4+^Si_10_O_30_(OH)_10_
Muirite,O,31.66666666666667,40,"Ba_10_Ca_2_Mn^2+^TiSi_10_O_30_(OH,Cl,F)_10_",Ba_10_Ca_2_Mn^2+^Ti^4+^Si_10_O_30_(OH)_10_
Mutnovskite,I,0.333333333333333,1,"Pb_2_AsS_3_(I,Cl,Br)",Pb^2+^_2_As^3+^S^2-^_3_I^1-^
Nagyagite,Au,1.5,0.5,"[Pb_3_(Pb,Sb)_3_S_6_](Au,Te)_3_","[Pb(Pb,Sb)S_2_][(Au,Te)]"
Nagyagite,Pb,4.5,1.5,"[Pb_3_(Pb,Sb)_3_S_6_](Au,Te)_3_","[Pb(Pb,Sb)S_2_][(Au,Te)]"
Nagyagite,S,6,2,"[Pb_3_(Pb,Sb)_3_S_6_](Au,Te)_3_","[Pb(Pb,Sb)S_2_][(Au,Te)]"
Nagyagite,Sb,1.5,0.5,"[Pb_3_(Pb,Sb)_3_S_6_](Au,Te)_3_","[Pb(Pb,Sb)S_2_][(Au,Te)]"
Nagyagite,Te,1.5,0.5,"[Pb_3_(Pb,Sb)_3_S_6_](Au,Te)_3_","[Pb(Pb,Sb)S_2_][(Au,Te)]"
Nioboaeschynite-(Y),Ca,0.2,0.25,"(Y,REE,Ca,Th,Fe)(Nb,Ti,Ta)_2_(O,OH)_6_","(Y^3+^,Ca,Th^4+^,Fe^3+^)(Nb^5+^,Ti^4+^,Ta^5+^)_2_(O,OH)_6_"
Nioboaeschynite-(Y),Fe,0.2,0.25,"(Y,REE,Ca,Th,Fe)(Nb,Ti,Ta)_2_(O,OH)_6_","(Y^3+^,Ca,Th^4+^,Fe^3+^)(Nb^5+^,Ti^4+^,Ta^5+^)_2_(O,OH)_6_"
Nioboaeschynite-(Y),Th,0.2,0.25,"(Y,REE,Ca,Th,Fe)(Nb,Ti,Ta)_2_(O,OH)_6_","(Y^3+^,Ca,Th^4+^,Fe^3+^)(Nb^5+^,Ti^4+^,Ta^5+^)_2_(O,OH)_6_"
Nioboaeschynite-(Y),Y,0.2,0.25,"(Y,REE,Ca,Th,Fe)(Nb,Ti,Ta)_2_(O,OH)_6_","(Y^3+^,Ca,Th^4+^,Fe^3+^)(Nb^5+^,Ti^4+^,Ta^5+^)_2_(O,OH)_6_"
Nordstromite,S,7,14,"Pb_3_CuBi_7_(S,Se)_14_",Pb_3_CuBi_7_S_14_
Normandite,Ca,2,1,"Na_2_Ca_2_(Mn,Fe)_2_(Ti,Nb,Zr)_2_(Si_2_O_7_)_2_O_2_F_2_","NaCa(Mn^2+^,Fe^2+^)(Ti^4+^,Nb^5+^,Zr^4+^)(Si_2_O_7_)OF"
Normandite,F,2,1,"Na_2_Ca_2_(Mn,Fe)_2_(Ti,Nb,Zr)_2_(Si_2_O_7_)_2_O_2_F_2_","NaCa(Mn^2+^,Fe^2+^)(Ti^4+^,Nb^5+^,Zr^4+^)(Si_2_O_7_)OF"
Normandite,Fe,1,0.5,"Na_2_Ca_2_(Mn,Fe)_2_(Ti,Nb,Zr)_2_(Si_2_O_7_)_2_O_2_F_2_","NaCa(Mn^2+^,Fe^2+^)(Ti^4+^,Nb^5+^,Zr^4+^)(Si_2_O_7_)OF"
Normandite,Mn,1,0.5,"Na_2_Ca_2_(Mn,Fe)_2_(Ti,Nb,Zr)_2_(Si_2_O_7_)_2_O_2_F_2_","NaCa(Mn^2+^,Fe^2+^)(Ti^4+^,Nb^5+^,Zr^4+^)(Si_2_O_7_)OF"
Normandite,Na,2,1,"Na_2_Ca_2_(Mn,Fe)_2_(Ti,Nb,Zr)_2_(Si_2_O_7_)_2_O_2_F_2_","NaCa(Mn^2+^,Fe^2+^)(Ti^4+^,Nb^5+^,Zr^4+^)(Si_2_O_7_)OF"
Normandite,Nb,0.666666666666666,0.333333333333333,"Na_2_Ca_2_(Mn,Fe)_2_(Ti,Nb,Zr)_2_(Si_2_O_7_)_2_O_2_F_2_","NaCa(Mn^2+^,Fe^2+^)(Ti^4+^,Nb^5+^,Zr^4+^)(Si_2_O_7_)OF"
Normandite,O,16,8,"Na_2_Ca_2_(Mn,Fe)_2_(Ti,Nb,Zr)_2_(Si_2_O_7_)_2_O_2_F_2_","NaCa(Mn^2+^,Fe^2+^)(Ti^4+^,Nb^5+^,Zr^4+^)(Si_2_O_7_)OF"
Normandite,Si,4,2,"Na_2_Ca_2_(Mn,Fe)_2_(Ti,Nb,Zr)_2_(Si_2_O_7_)_2_O_2_F_2_","NaCa(Mn^2+^,Fe^2+^)(Ti^4+^,Nb^5+^,Zr^4+^)(Si_2_O_7_)OF"
Normandite,Ti,0.666666666666666,0.333333333333333,"Na_2_Ca_2_(Mn,Fe)_2_(Ti,Nb,Zr)_2_(Si_2_O_7_)_2_O_2_F_2_","NaCa(Mn^2+^,Fe^2+^)(Ti^4+^,Nb^5+^,Zr^4+^)(Si_2_O_7_)OF"
Normandite,Zr,0.666666666666666,0.333333333333333,"Na_2_Ca_2_(Mn,Fe)_2_(Ti,Nb,Zr)_2_(Si_2_O_7_)_2_O_2_F_2_","NaCa(Mn^2+^,Fe^2+^)(Ti^4+^,Nb^5+^,Zr^4+^)(Si_2_O_7_)OF"
Novacekite-II,H,20,18,Mg(UO_2_)_2_(AsO_4_)_2_·10H_2_O,Mg(U^6+^O_2_)_2_(As^5+^O_4_)_2_·9H_2_O
Novacekite-II,O,22,21,Mg(UO_2_)_2_(AsO_4_)_2_·10H_2_O,Mg(U^6+^O_2_)_2_(As^5+^O_4_)_2_·9H_2_O
Oftedalite,Si,12,11,KSc_2_[box]_2_Be_3_Si_12_O_30_,KSc^3+^_2_(Be_3_AlSi_11_)O_30_
Okenite,Ca,10,5,Ca_10_Si_18_O_46_·18H_2_O,Ca_5_Si_9_O_23_·9H_2_O
Okenite,H,36,18,Ca_10_Si_18_O_46_·18H_2_O,Ca_5_Si_9_O_23_·9H_2_O
Okenite,O,64,32,Ca_10_Si_18_O_46_·18H_2_O,Ca_5_Si_9_O_23_·9H_2_O
Okenite,Si,18,9,Ca_10_Si_18_O_46_·18H_2_O,Ca_5_Si_9_O_23_·9H_2_O
Olgite,Ba,0.5,1,"(Ba,Sr)(Na,Sr,REE)_2_Na(PO_4_)_2_","Na(Na,Sr)_2_Ba(PO_4_)_2_"
Olgite,Na,1.666666666666666,2,"(Ba,Sr)(Na,Sr,REE)_2_Na(PO_4_)_2_","Na(Na,Sr)_2_Ba(PO_4_)_2_"
Olgite,Sr,1.166666666666666,1,"(Ba,Sr)(Na,Sr,REE)_2_Na(PO_4_)_2_","Na(Na,Sr)_2_Ba(PO_4_)_2_"
Oxy-vanadium-dravite,H,3,4,NaV_3_(V_4_Mg_2_)(Si_6_O_18_)(BO_3_)_3_(OH)_3_O,NaMg_3_V^3+^_6_(Si_6_O_18_)(BO_3_)_3_(OH)_3_OH
Oxy-vanadium-dravite,Mg,2,3,NaV_3_(V_4_Mg_2_)(Si_6_O_18_)(BO_3_)_3_(OH)_3_O,NaMg_3_V^3+^_6_(Si_6_O_18_)(BO_3_)_3_(OH)_3_OH
Oxy-vanadium-dravite,V,7,6,NaV_3_(V_4_Mg_2_)(Si_6_O_18_)(BO_3_)_3_(OH)_3_O,NaMg_3_V^3+^_6_(Si_6_O_18_)(BO_3_)_3_(OH)_3_OH
Paceite,C,8,4,CaCu(CH_3_COO)_4_·6H_2_O,CaCu(CH_3_COO)_2_·6H_2_O
Paceite,H,24,18,CaCu(CH_3_COO)_4_·6H_2_O,CaCu(CH_3_COO)_2_·6H_2_O
Paceite,O,14,10,CaCu(CH_3_COO)_4_·6H_2_O,CaCu(CH_3_COO)_2_·6H_2_O
Pararealgar,As,4,1,As_4_S_4_,AsS
Pararealgar,S,4,1,As_4_S_4_,AsS
Paraschachnerite,Ag,3,1.2,Ag_3_Hg_2_,Ag_1.2_Hg_0.8_
Paraschachnerite,Hg,2,0.8,Ag_3_Hg_2_,Ag_1.2_Hg_0.8_
Parasibirskite,B,2,1,Ca_2_B_2_O_5_·H_2_O,CaHBO_3_
Parasibirskite,Ca,2,1,Ca_2_B_2_O_5_·H_2_O,CaHBO_3_
Parasibirskite,H,2,1,Ca_2_B_2_O_5_·H_2_O,CaHBO_3_
Parasibirskite,O,6,3,Ca_2_B_2_O_5_·H_2_O,CaHBO_3_
Paratimroseite,Cu,4,2,Pb_2_Cu_4_(TeO_6_)_2_(H_2_O)_2_,Pb^2+^Cu^2+^_2_(Te^6+^O_6_)·H_2_O
Paratimroseite,H,4,2,Pb_2_Cu_4_(TeO_6_)_2_(H_2_O)_2_,Pb^2+^Cu^2+^_2_(Te^6+^O_6_)·H_2_O
Paratimroseite,O,14,7,Pb_2_Cu_4_(TeO_6_)_2_(H_2_O)_2_,Pb^2+^Cu^2+^_2_(Te^6+^O_6_)·H_2_O
Paratimroseite,Pb,2,1,Pb_2_Cu_4_(TeO_6_)_2_(H_2_O)_2_,Pb^2+^Cu^2+^_2_(Te^6+^O_6_)·H_2_O
Paratimroseite,Te,2,1,Pb_2_Cu_4_(TeO_6_)_2_(H_2_O)_2_,Pb^2+^Cu^2+^_2_(Te^6+^O_6_)·H_2_O
Parsonsite,O,10,11,Pb_2_(UO_2_)(PO_4_)_2_,Pb_2_(UO_2_)(PO_4_)_2_·0-2H_2_O
Pearceite,As,1,2,"[Ag_9_CuS_4_][(Ag,Cu)_6_(As,Sb)_2_S_7_]","Cu(Ag,Cu)_6_Ag_9_As_2_S_11_"
Peatite-(Y),C,4,1,"Li_4_Na_12_(Y,Na,Ca,REE)_12_(PO_4_)_12_(CO_3_)_4_(F,OH)_8_","LiNa_3_(Y,Na,Ca)_3_(PO_4_)_3_(CO_3_)(F,OH)_2_"
Peatite-(Y),Ca,3,0.999999999999999,"Li_4_Na_12_(Y,Na,Ca,REE)_12_(PO_4_)_12_(CO_3_)_4_(F,OH)_8_","LiNa_3_(Y,Na,Ca)_3_(PO_4_)_3_(CO_3_)(F,OH)_2_"
Peatite-(Y),F,4,1,"Li_4_Na_12_(Y,Na,Ca,REE)_12_(PO_4_)_12_(CO_3_)_4_(F,OH)_8_","LiNa_3_(Y,Na,Ca)_3_(PO_4_)_3_(CO_3_)(F,OH)_2_"
Peatite-(Y),H,2,0.5,"Li_4_Na_12_(Y,Na,Ca,REE)_12_(PO_4_)_12_(CO_3_)_4_(F,OH)_8_","LiNa_3_(Y,Na,Ca)_3_(PO_4_)_3_(CO_3_)(F,OH)_2_"
Peatite-(Y),Li,4,1,"Li_4_Na_12_(Y,Na,Ca,REE)_12_(PO_4_)_12_(CO_3_)_4_(F,OH)_8_","LiNa_3_(Y,Na,Ca)_3_(PO_4_)_3_(CO_3_)(F,OH)_2_"
Peatite-(Y),Na,15,3.999999999999999,"Li_4_Na_12_(Y,Na,Ca,REE)_12_(PO_4_)_12_(CO_3_)_4_(F,OH)_8_","LiNa_3_(Y,Na,Ca)_3_(PO_4_)_3_(CO_3_)(F,OH)_2_"
Peatite-(Y),O,62,15.5,"Li_4_Na_12_(Y,Na,Ca,REE)_12_(PO_4_)_12_(CO_3_)_4_(F,OH)_8_","LiNa_3_(Y,Na,Ca)_3_(PO_4_)_3_(CO_3_)(F,OH)_2_"
Peatite-(Y),P,12,3,"Li_4_Na_12_(Y,Na,Ca,REE)_12_(PO_4_)_12_(CO_3_)_4_(F,OH)_8_","LiNa_3_(Y,Na,Ca)_3_(PO_4_)_3_(CO_3_)(F,OH)_2_"
Peatite-(Y),Y,3,0.999999999999999,"Li_4_Na_12_(Y,Na,Ca,REE)_12_(PO_4_)_12_(CO_3_)_4_(F,OH)_8_","LiNa_3_(Y,Na,Ca)_3_(PO_4_)_3_(CO_3_)(F,OH)_2_"
Penkvilksite,H,4,8,Na_2_TiSi_4_O_11_·2H_2_O,Na_4_Ti^4+^_2_Si_8_O_22_·4H_2_O
Penkvilksite,Na,2,4,Na_2_TiSi_4_O_11_·2H_2_O,Na_4_Ti^4+^_2_Si_8_O_22_·4H_2_O
Penkvilksite,O,13,26,Na_2_TiSi_4_O_11_·2H_2_O,Na_4_Ti^4+^_2_Si_8_O_22_·4H_2_O
Penkvilksite,Si,4,8,Na_2_TiSi_4_O_11_·2H_2_O,Na_4_Ti^4+^_2_Si_8_O_22_·4H_2_O
Penkvilksite,Ti,1,2,Na_2_TiSi_4_O_11_·2H_2_O,Na_4_Ti^4+^_2_Si_8_O_22_·4H_2_O
Pennantite,Al,2,5,Mn^2+^_5_Al(Si_3_Al)O_10_(OH)_8_,"(Mn^2+^,Al)_6_(Si,Al)_4_O_10_(OH)_8_"
Pennantite,Mn,5,3,Mn^2+^_5_Al(Si_3_Al)O_10_(OH)_8_,"(Mn^2+^,Al)_6_(Si,Al)_4_O_10_(OH)_8_"
Pennantite,Si,3,2,Mn^2+^_5_Al(Si_3_Al)O_10_(OH)_8_,"(Mn^2+^,Al)_6_(Si,Al)_4_O_10_(OH)_8_"
Penroseite,Ni,0.333333333333333,1,"(Ni,Co,Cu)Se_2_",Ni^2+^(Se_2_)^2-^
Peprossiite-(Ce),O,10,10.67,"(Ce,La)(Al_3_O)_2/3_B_4_O_10_","(Ce,La)Al_2_B_4_O_10.67_"
Perrierite-(La),Fe,1.83333333333333,3,"(La,Ce,Ca)_4_(Fe^2+^,Mn)(Ti,Fe^3+^,Al)_4_[(Si_2_O_7_)O_4_]_2_","(La^3+^,Ce^3+^,Ca)_4_Fe^2+^(Ti^4+^,Fe^3+^)_4_(Si_2_O_7_)_2_O_8_"
Perrierite-(La),Ti,1.33333333333333,2,"(La,Ce,Ca)_4_(Fe^2+^,Mn)(Ti,Fe^3+^,Al)_4_[(Si_2_O_7_)O_4_]_2_","(La^3+^,Ce^3+^,Ca)_4_Fe^2+^(Ti^4+^,Fe^3+^)_4_(Si_2_O_7_)_2_O_8_"
Petrukite,Cu,1,2,"(Cu,Ag)_2_(Fe,Zn)(Sn,In)S_4_",Cu^1+^_2_Fe^2+^Sn^4+^S^2-^_4_
Petrukite,Fe,0.5,1,"(Cu,Ag)_2_(Fe,Zn)(Sn,In)S_4_",Cu^1+^_2_Fe^2+^Sn^4+^S^2-^_4_
Petrukite,Sn,0.5,1,"(Cu,Ag)_2_(Fe,Zn)(Sn,In)S_4_",Cu^1+^_2_Fe^2+^Sn^4+^S^2-^_4_
Phosphofibrite,H,18,25.5,"(H_2_O,K)_3.5_Fe^3+^_8_(PO_4_)_6_(OH)_7_·5H_2_O",(K_0.5_(H_2_O)_3_)Fe^3+^_8_(PO_4_)_6_(OH)_6.5_·6.5H_2_O
Phosphofibrite,K,1.5,0.5,"(H_2_O,K)_3.5_Fe^3+^_8_(PO_4_)_6_(OH)_7_·5H_2_O",(K_0.5_(H_2_O)_3_)Fe^3+^_8_(PO_4_)_6_(OH)_6.5_·6.5H_2_O
Phosphofibrite,O,36.5,40,"(H_2_O,K)_3.5_Fe^3+^_8_(PO_4_)_6_(OH)_7_·5H_2_O",(K_0.5_(H_2_O)_3_)Fe^3+^_8_(PO_4_)_6_(OH)_6.5_·6.5H_2_O
Pierrotite,As,5,2,"Tl_2_(Sb,As)_10_S_16_",TlSb_3_As_2_S_8_
Pierrotite,S,16,8,"Tl_2_(Sb,As)_10_S_16_",TlSb_3_As_2_S_8_
Pierrotite,Sb,5,3,"Tl_2_(Sb,As)_10_S_16_",TlSb_3_As_2_S_8_
Pierrotite,Tl,2,1,"Tl_2_(Sb,As)_10_S_16_",TlSb_3_As_2_S_8_
Pigeonite,Ca,0.666666666666666,0.333333333333333,"(Mg,Fe,Ca)_2_Si_2_O_6_","(Mg,Fe^2+^,Ca)SiO_3_"
Pigeonite,Fe,0.666666666666666,0.333333333333333,"(Mg,Fe,Ca)_2_Si_2_O_6_","(Mg,Fe^2+^,Ca)SiO_3_"
Pigeonite,Mg,0.666666666666666,0.333333333333333,"(Mg,Fe,Ca)_2_Si_2_O_6_","(Mg,Fe^2+^,Ca)SiO_3_"
Pigeonite,O,6,3,"(Mg,Fe,Ca)_2_Si_2_O_6_","(Mg,Fe^2+^,Ca)SiO_3_"
Pigeonite,Si,2,1,"(Mg,Fe,Ca)_2_Si_2_O_6_","(Mg,Fe^2+^,Ca)SiO_3_"
Plumboagardite,Ca,0.333333333333333,0.2,"(Pb,REE,Ca)Cu_6_(AsO_4_)_3_(OH)_6_·3H_2_O","Cu^2+^_6_(Pb^2+^,La^3+^,Nd^3+^,Ce^3+^,Ca)(As^5+^O_4_)_3_(OH)_6_·3H_2_O"
Plumboagardite,Pb,0.333333333333333,0.2,"(Pb,REE,Ca)Cu_6_(AsO_4_)_3_(OH)_6_·3H_2_O","Cu^2+^_6_(Pb^2+^,La^3+^,Nd^3+^,Ce^3+^,Ca)(As^5+^O_4_)_3_(OH)_6_·3H_2_O"
Plumbojarosite,Fe,3,6,Pb_0.5_Fe^3+^_3_(SO_4_)_2_(OH)_6_,PbFe^3+^_6_(SO_4_)_4_(OH)_12_
Plumbojarosite,H,6,12,Pb_0.5_Fe^3+^_3_(SO_4_)_2_(OH)_6_,PbFe^3+^_6_(SO_4_)_4_(OH)_12_
Plumbojarosite,O,14,28,Pb_0.5_Fe^3+^_3_(SO_4_)_2_(OH)_6_,PbFe^3+^_6_(SO_4_)_4_(OH)_12_
Plumbojarosite,Pb,0.5,1,Pb_0.5_Fe^3+^_3_(SO_4_)_2_(OH)_6_,PbFe^3+^_6_(SO_4_)_4_(OH)_12_
Plumbojarosite,S,2,4,Pb_0.5_Fe^3+^_3_(SO_4_)_2_(OH)_6_,PbFe^3+^_6_(SO_4_)_4_(OH)_12_
Poldervaartite,Ca,1.5,2,"Ca(Ca,Mn)(SiO_3_OH)(OH)",Ca_2_(SiO_3_OH)(OH)
Polybasite,Sb,1,2,"[Ag_9_CuS_4_][(Ag,Cu)_6_(Sb,As)_2_S_7_]","Cu(Ag,Cu)_6_Ag_9_Sb_2_S_11_"
Qandilite,Fe,1.333333333333333,0.333333333333333,"(Mg,Fe^3+^)_2_(Ti,Fe^3+^,Al)O_4_","Mg_2_(Ti^4+^,Fe^3+^,Al)O_4_"
Qandilite,Mg,1,2,"(Mg,Fe^3+^)_2_(Ti,Fe^3+^,Al)O_4_","Mg_2_(Ti^4+^,Fe^3+^,Al)O_4_"
Quadridavyne,Na,3,6,"[(Na,K)_6_Cl_2_][Ca_2_Cl_2_][(Si_6_Al_6_O_24_)]",Na_6_Ca_2_Si_6_Al_6_O_24_Cl_4_
Ramdohrite,Ag,2.8,5.5,Pb_5.9_Fe_0.1_Mn_0.1_In_0.1_Cd_0.2_Ag_2.8_Sb_10.8_S_24_,CdAg_5.5_Pb_12_Sb_21.5_S_48_
Ramdohrite,Cd,0.2,1,Pb_5.9_Fe_0.1_Mn_0.1_In_0.1_Cd_0.2_Ag_2.8_Sb_10.8_S_24_,CdAg_5.5_Pb_12_Sb_21.5_S_48_
Ramdohrite,Pb,5.9,12,Pb_5.9_Fe_0.1_Mn_0.1_In_0.1_Cd_0.2_Ag_2.8_Sb_10.8_S_24_,CdAg_5.5_Pb_12_Sb_21.5_S_48_
Ramdohrite,S,24,48,Pb_5.9_Fe_0.1_Mn_0.1_In_0.1_Cd_0.2_Ag_2.8_Sb_10.8_S_24_,CdAg_5.5_Pb_12_Sb_21.5_S_48_
Ramdohrite,Sb,10.8,21.5,Pb_5.9_Fe_0.1_Mn_0.1_In_0.1_Cd_0.2_Ag_2.8_Sb_10.8_S_24_,CdAg_5.5_Pb_12_Sb_21.5_S_48_
Ramikite-(Y),C,4,2,"Li_4_(Na,Ca)_12_(Y,Ca,REE)_6_Zr_6_(PO_4_)_12_(CO_3_)_4_O_4_[(OH),F]_4_","Li_2_Na_6_(Y,Ca,REE)_3_Zr^4+^_3_(P^5+^O_4_)_6_(C^4+^O_3_)_2_O_2_(OH,F)_2_"
Ramikite-(Y),Ca,8,0.999999999999999,"Li_4_(Na,Ca)_12_(Y,Ca,REE)_6_Zr_6_(PO_4_)_12_(CO_3_)_4_O_4_[(OH),F]_4_","Li_2_Na_6_(Y,Ca,REE)_3_Zr^4+^_3_(P^5+^O_4_)_6_(C^4+^O_3_)_2_O_2_(OH,F)_2_"
Ramikite-(Y),F,2,1,"Li_4_(Na,Ca)_12_(Y,Ca,REE)_6_Zr_6_(PO_4_)_12_(CO_3_)_4_O_4_[(OH),F]_4_","Li_2_Na_6_(Y,Ca,REE)_3_Zr^4+^_3_(P^5+^O_4_)_6_(C^4+^O_3_)_2_O_2_(OH,F)_2_"
Ramikite-(Y),H,1,0.5,"Li_4_(Na,Ca)_12_(Y,Ca,REE)_6_Zr_6_(PO_4_)_12_(CO_3_)_4_O_4_[(OH),F]_4_","Li_2_Na_6_(Y,Ca,REE)_3_Zr^4+^_3_(P^5+^O_4_)_6_(C^4+^O_3_)_2_O_2_(OH,F)_2_"
Ramikite-(Y),Li,4,2,"Li_4_(Na,Ca)_12_(Y,Ca,REE)_6_Zr_6_(PO_4_)_12_(CO_3_)_4_O_4_[(OH),F]_4_","Li_2_Na_6_(Y,Ca,REE)_3_Zr^4+^_3_(P^5+^O_4_)_6_(C^4+^O_3_)_2_O_2_(OH,F)_2_"
Ramikite-(Y),O,65,32.5,"Li_4_(Na,Ca)_12_(Y,Ca,REE)_6_Zr_6_(PO_4_)_12_(CO_3_)_4_O_4_[(OH),F]_4_","Li_2_Na_6_(Y,Ca,REE)_3_Zr^4+^_3_(P^5+^O_4_)_6_(C^4+^O_3_)_2_O_2_(OH,F)_2_"
Ramikite-(Y),P,12,6,"Li_4_(Na,Ca)_12_(Y,Ca,REE)_6_Zr_6_(PO_4_)_12_(CO_3_)_4_O_4_[(OH),F]_4_","Li_2_Na_6_(Y,Ca,REE)_3_Zr^4+^_3_(P^5+^O_4_)_6_(C^4+^O_3_)_2_O_2_(OH,F)_2_"
Ramikite-(Y),REE,2,0.999999999999999,"Li_4_(Na,Ca)_12_(Y,Ca,REE)_6_Zr_6_(PO_4_)_12_(CO_3_)_4_O_4_[(OH),F]_4_","Li_2_Na_6_(Y,Ca,REE)_3_Zr^4+^_3_(P^5+^O_4_)_6_(C^4+^O_3_)_2_O_2_(OH,F)_2_"
Ramikite-(Y),Y,2,0.999999999999999,"Li_4_(Na,Ca)_12_(Y,Ca,REE)_6_Zr_6_(PO_4_)_12_(CO_3_)_4_O_4_[(OH),F]_4_","Li_2_Na_6_(Y,Ca,REE)_3_Zr^4+^_3_(P^5+^O_4_)_6_(C^4+^O_3_)_2_O_2_(OH,F)_2_"
Ramikite-(Y),Zr,6,3,"Li_4_(Na,Ca)_12_(Y,Ca,REE)_6_Zr_6_(PO_4_)_12_(CO_3_)_4_O_4_[(OH),F]_4_","Li_2_Na_6_(Y,Ca,REE)_3_Zr^4+^_3_(P^5+^O_4_)_6_(C^4+^O_3_)_2_O_2_(OH,F)_2_"
Rankachite,Ca,0.5,1,"Ca_0.5_(V^4+^,V^5+^)(W^6+^,Fe^3+^)_2_O_8_(OH)·2H_2_O","CaFe^2+^(V^5+^,V^3+^)_4_O_4_(WO_4_)_8_·12H_2_O"
Rankachite,H,5,24,"Ca_0.5_(V^4+^,V^5+^)(W^6+^,Fe^3+^)_2_O_8_(OH)·2H_2_O","CaFe^2+^(V^5+^,V^3+^)_4_O_4_(WO_4_)_8_·12H_2_O"
Rankachite,O,11,48,"Ca_0.5_(V^4+^,V^5+^)(W^6+^,Fe^3+^)_2_O_8_(OH)·2H_2_O","CaFe^2+^(V^5+^,V^3+^)_4_O_4_(WO_4_)_8_·12H_2_O"
Rankachite,V,1,4,"Ca_0.5_(V^4+^,V^5+^)(W^6+^,Fe^3+^)_2_O_8_(OH)·2H_2_O","CaFe^2+^(V^5+^,V^3+^)_4_O_4_(WO_4_)_8_·12H_2_O"
Rankachite,W,1,8,"Ca_0.5_(V^4+^,V^5+^)(W^6+^,Fe^3+^)_2_O_8_(OH)·2H_2_O","CaFe^2+^(V^5+^,V^3+^)_4_O_4_(WO_4_)_8_·12H_2_O"
Rankamaite,Al,3.66666666666666,1.33333333333333,"(Na,K)_3_(Ta,Nb,Al)_11_(O,OH)_31_","(Na,K,Pb^2+^)(Ta^5+^,Nb^5+^,Al)_4_(O,OH)_10_"
Rankamaite,H,7.75,2.5,"(Na,K)_3_(Ta,Nb,Al)_11_(O,OH)_31_","(Na,K,Pb^2+^)(Ta^5+^,Nb^5+^,Al)_4_(O,OH)_10_"
Rankamaite,K,1.5,0.333333333333333,"(Na,K)_3_(Ta,Nb,Al)_11_(O,OH)_31_","(Na,K,Pb^2+^)(Ta^5+^,Nb^5+^,Al)_4_(O,OH)_10_"
Rankamaite,Na,1.5,0.333333333333333,"(Na,K)_3_(Ta,Nb,Al)_11_(O,OH)_31_","(Na,K,Pb^2+^)(Ta^5+^,Nb^5+^,Al)_4_(O,OH)_10_"
Rankamaite,Nb,3.66666666666666,1.33333333333333,"(Na,K)_3_(Ta,Nb,Al)_11_(O,OH)_31_","(Na,K,Pb^2+^)(Ta^5+^,Nb^5+^,Al)_4_(O,OH)_10_"
Rankamaite,O,23.25,7.5,"(Na,K)_3_(Ta,Nb,Al)_11_(O,OH)_31_","(Na,K,Pb^2+^)(Ta^5+^,Nb^5+^,Al)_4_(O,OH)_10_"
Rankamaite,Ta,3.66666666666666,1.33333333333333,"(Na,K)_3_(Ta,Nb,Al)_11_(O,OH)_31_","(Na,K,Pb^2+^)(Ta^5+^,Nb^5+^,Al)_4_(O,OH)_10_"
Renierite,Cu,5.5,8.25,"(Cu^1+^,Zn)_11_Fe_4_(Ge^4+^,As^5+^)_2_S_16_","(Cu^1+^,Cu^2+^Zn^2+^)_11_(Fe^2+^,Fe^3+^)_4_(Ge^4+^,As^5+^)_2_S^2-^_16_"
Renierite,Zn,5.5,2.75,"(Cu^1+^,Zn)_11_Fe_4_(Ge^4+^,As^5+^)_2_S_16_","(Cu^1+^,Cu^2+^Zn^2+^)_11_(Fe^2+^,Fe^3+^)_4_(Ge^4+^,As^5+^)_2_S^2-^_16_"
Rhodesite,H,11,10,KHCa_2_Si_8_O_19_·5H_2_O,K_2_Ca_2_Si_8_O_19_·5H_2_O
Rhodesite,K,1,2,KHCa_2_Si_8_O_19_·5H_2_O,K_2_Ca_2_Si_8_O_19_·5H_2_O
Richellite,Ca,1,0.5,"CaFe^3+^_2_(PO_4_)_2_(OH,F)_2_","(Ca,Fe^2+^)(Fe^3+^,Al)_2_(PO_4_)_2_(OH)_2_"
Richellite,Fe,2,1.5,"CaFe^3+^_2_(PO_4_)_2_(OH,F)_2_","(Ca,Fe^2+^)(Fe^3+^,Al)_2_(PO_4_)_2_(OH)_2_"
Richellite,H,0.5,2,"CaFe^3+^_2_(PO_4_)_2_(OH,F)_2_","(Ca,Fe^2+^)(Fe^3+^,Al)_2_(PO_4_)_2_(OH)_2_"
Richellite,O,8.5,10,"CaFe^3+^_2_(PO_4_)_2_(OH,F)_2_","(Ca,Fe^2+^)(Fe^3+^,Al)_2_(PO_4_)_2_(OH)_2_"
Rittmannite,Al,1,2,"(Mn^2+^,Ca)Mn^2+^(Fe^2+^,Mn^2+^,Mg)_2_(Al,Fe^3+^)_2_(PO_4_)_4_(OH)_2_·8H_2_O",Mn^2+^Mn^2+^Fe^2+^_2_Al_2_(PO_4_)_4_(OH)_2_·8H_2_O
Rittmannite,Fe,1.666666666666666,2,"(Mn^2+^,Ca)Mn^2+^(Fe^2+^,Mn^2+^,Mg)_2_(Al,Fe^3+^)_2_(PO_4_)_4_(OH)_2_·8H_2_O",Mn^2+^Mn^2+^Fe^2+^_2_Al_2_(PO_4_)_4_(OH)_2_·8H_2_O
Rittmannite,Mn,2.166666666666666,2,"(Mn^2+^,Ca)Mn^2+^(Fe^2+^,Mn^2+^,Mg)_2_(Al,Fe^3+^)_2_(PO_4_)_4_(OH)_2_·8H_2_O",Mn^2+^Mn^2+^Fe^2+^_2_Al_2_(PO_4_)_4_(OH)_2_·8H_2_O
Rogermitchellite,B,4,3,Na_6_Sr_12_Ba_2_Zr_13_Si_39_B_4_O_123_(OH)_6_·20H_2_O,"Na_6_(Sr,Na)_12_Ba_2_Zr^4+^_13_Si_39_(B,Si)_6_O_123_(OH)_12_·9H_2_O"
Rogermitchellite,H,46,30,Na_6_Sr_12_Ba_2_Zr_13_Si_39_B_4_O_123_(OH)_6_·20H_2_O,"Na_6_(Sr,Na)_12_Ba_2_Zr^4+^_13_Si_39_(B,Si)_6_O_123_(OH)_12_·9H_2_O"
Rogermitchellite,Na,6,12,Na_6_Sr_12_Ba_2_Zr_13_Si_39_B_4_O_123_(OH)_6_·20H_2_O,"Na_6_(Sr,Na)_12_Ba_2_Zr^4+^_13_Si_39_(B,Si)_6_O_123_(OH)_12_·9H_2_O"
Rogermitchellite,O,149,144,Na_6_Sr_12_Ba_2_Zr_13_Si_39_B_4_O_123_(OH)_6_·20H_2_O,"Na_6_(Sr,Na)_12_Ba_2_Zr^4+^_13_Si_39_(B,Si)_6_O_123_(OH)_12_·9H_2_O"
Rogermitchellite,Si,39,42,Na_6_Sr_12_Ba_2_Zr_13_Si_39_B_4_O_123_(OH)_6_·20H_2_O,"Na_6_(Sr,Na)_12_Ba_2_Zr^4+^_13_Si_39_(B,Si)_6_O_123_(OH)_12_·9H_2_O"
Rogermitchellite,Sr,12,6,Na_6_Sr_12_Ba_2_Zr_13_Si_39_B_4_O_123_(OH)_6_·20H_2_O,"Na_6_(Sr,Na)_12_Ba_2_Zr^4+^_13_Si_39_(B,Si)_6_O_123_(OH)_12_·9H_2_O"
Roxbyite,Cu,9,1.78,Cu_9_S_5_,Cu_1.78_S
Roxbyite,S,5,1,Cu_9_S_5_,Cu_1.78_S
Ruifrancoite,Fe,1.33333333333333,4,"Ca_2_([box],Mn)_2_(Fe^3+^,Mn,Mg)_4_Be_4_(PO_4_)_6_(OH)_6_·4H_2_O",Ca_2_[box]_2_Fe^3+^_4_Be_4_(PO_4_)_6_(OH)_6_·4H_2_O
Safflorite,Co,1,0.333333333333333,CoAs_2_,"(Co^2+^,Fe^2+^,Ni^2+^)As_2_"
Saneroite,H,2,4,NaMn^2+^_5_[Si_5_O_14_(OH)](VO_3_)(OH),"Na_2_(Mn^2+^,Mn^3+^)_10_V^5+^Si_11_O_34_(OH)_4_"
Saneroite,Mn,5,10,NaMn^2+^_5_[Si_5_O_14_(OH)](VO_3_)(OH),"Na_2_(Mn^2+^,Mn^3+^)_10_V^5+^Si_11_O_34_(OH)_4_"
Saneroite,Na,1,2,NaMn^2+^_5_[Si_5_O_14_(OH)](VO_3_)(OH),"Na_2_(Mn^2+^,Mn^3+^)_10_V^5+^Si_11_O_34_(OH)_4_"
Saneroite,O,19,38,NaMn^2+^_5_[Si_5_O_14_(OH)](VO_3_)(OH),"Na_2_(Mn^2+^,Mn^3+^)_10_V^5+^Si_11_O_34_(OH)_4_"
Saneroite,Si,5,11,NaMn^2+^_5_[Si_5_O_14_(OH)](VO_3_)(OH),"Na_2_(Mn^2+^,Mn^3+^)_10_V^5+^Si_11_O_34_(OH)_4_"
Schluterite-(Y),Y,1,2,"(Y,REE)_2_AlSi_2_O_7_(OH)_2_F",Y_2_AlSi_2_O_7_(OH)_2_F
Schreibersite,Fe,1.5,0.999999999999999,"(Fe,Ni)_3_P","(Fe,Ni,Cr)_3_P"
Schreibersite,Ni,1.5,0.999999999999999,"(Fe,Ni)_3_P","(Fe,Ni,Cr)_3_P"
Sicherite,As,1.5,3,"TlAg_2_(As,Sb)_3_S_6_",TlAg_2_As_3_S_6_
Soucekite,S,1.5,3,"CuPbBi(S,Se)_3_",Cu^1+^Pb^2+^Bi^3+^S^2-^_3_
Spionkopite,Cu,39,1.32,Cu_39_S_28_,Cu_1.32_S
Spionkopite,S,28,1,Cu_39_S_28_,Cu_1.32_S
Stalderite,Zn,0.666666666666666,2,"TlCu(Zn,Fe,Hg)_2_As_2_S_6_",Cu^1+^Zn^2+^_2_Tl^1+^As^3+^_2_S^2-^_6_
Stannoidite,Fe,1.5,2.5,"Cu_8_(Fe,Zn)_3_Sn_2_S_12_","Cu^1+^_8_Fe^3+^_2_(Fe^2+^,Zn^2+^)Sn^4+^_2_S^2-^_12_"
Stannoidite,Zn,1.5,0.5,"Cu_8_(Fe,Zn)_3_Sn_2_S_12_","Cu^1+^_8_Fe^3+^_2_(Fe^2+^,Zn^2+^)Sn^4+^_2_S^2-^_12_"
Thadeuite,H,0.5,2,"CaMg_3_(PO_4_)_2_(OH,F)_2_",CaMg_3_(PO_4_)_2_(OH)_2_
Thadeuite,O,8.5,10,"CaMg_3_(PO_4_)_2_(OH,F)_2_",CaMg_3_(PO_4_)_2_(OH)_2_
Tlapallite,Ca,1,2,"H_6_(Ca,Pb)_2_(Cu,Zn)_3_O_2_(SO_4_)(Te^4+^O_3_)_4_(Te^6+^O_4_)",H_6_Ca_2_Cu^2+^_3_S^6+^O_4_(Te^4+^O_3_)_4_(Te^6+^O_6_)
Tlapallite,Cu,1.5,3,"H_6_(Ca,Pb)_2_(Cu,Zn)_3_O_2_(SO_4_)(Te^4+^O_3_)_4_(Te^6+^O_4_)",H_6_Ca_2_Cu^2+^_3_S^6+^O_4_(Te^4+^O_3_)_4_(Te^6+^O_6_)
Tremolite,Mg,4.75,5,[box]Ca_2_(Mg_5.0-4.5_Fe^2+^_0.0-0.5_)Si_8_O_22_(OH)_2_,[box]Ca_2_Mg_5_Si_8_O_22_(OH)_2_
Tsepinite-Na,Ba,0.4,2.4,"(Na,H_3_O,K,Sr,Ba,[box])_2_(Ti,Nb)_2_(Si_4_O_12_)(OH,O)_2_·3H_2_O","(Na,H_3_O,K,Sr,Ba,[box])_12_Ti^4+^_8_(Si_4_O_12_)_4_(OH,O)_8_·12-16H_2_O"
Tsepinite-Na,H,6.8,31.8,"(Na,H_3_O,K,Sr,Ba,[box])_2_(Ti,Nb)_2_(Si_4_O_12_)(OH,O)_2_·3H_2_O","(Na,H_3_O,K,Sr,Ba,[box])_12_Ti^4+^_8_(Si_4_O_12_)_4_(OH,O)_8_·12-16H_2_O"
Tsepinite-Na,K,0.4,2.4,"(Na,H_3_O,K,Sr,Ba,[box])_2_(Ti,Nb)_2_(Si_4_O_12_)(OH,O)_2_·3H_2_O","(Na,H_3_O,K,Sr,Ba,[box])_12_Ti^4+^_8_(Si_4_O_12_)_4_(OH,O)_8_·12-16H_2_O"
Tsepinite-Na,Na,0.4,2.4,"(Na,H_3_O,K,Sr,Ba,[box])_2_(Ti,Nb)_2_(Si_4_O_12_)(OH,O)_2_·3H_2_O","(Na,H_3_O,K,Sr,Ba,[box])_12_Ti^4+^_8_(Si_4_O_12_)_4_(OH,O)_8_·12-16H_2_O"
Tsepinite-Na,O,16.6,68.6,"(Na,H_3_O,K,Sr,Ba,[box])_2_(Ti,Nb)_2_(Si_4_O_12_)(OH,O)_2_·3H_2_O","(Na,H_3_O,K,Sr,Ba,[box])_12_Ti^4+^_8_(Si_4_O_12_)_4_(OH,O)_8_·12-16H_2_O"
Tsepinite-Na,Si,4,16,"(Na,H_3_O,K,Sr,Ba,[box])_2_(Ti,Nb)_2_(Si_4_O_12_)(OH,O)_2_·3H_2_O","(Na,H_3_O,K,Sr,Ba,[box])_12_Ti^4+^_8_(Si_4_O_12_)_4_(OH,O)_8_·12-16H_2_O"
Tsepinite-Na,Sr,0.4,2.4,"(Na,H_3_O,K,Sr,Ba,[box])_2_(Ti,Nb)_2_(Si_4_O_12_)(OH,O)_2_·3H_2_O","(Na,H_3_O,K,Sr,Ba,[box])_12_Ti^4+^_8_(Si_4_O_12_)_4_(OH,O)_8_·12-16H_2_O"
Tsepinite-Na,Ti,1,8,"(Na,H_3_O,K,Sr,Ba,[box])_2_(Ti,Nb)_2_(Si_4_O_12_)(OH,O)_2_·3H_2_O","(Na,H_3_O,K,Sr,Ba,[box])_12_Ti^4+^_8_(Si_4_O_12_)_4_(OH,O)_8_·12-16H_2_O"
Tveitite-(Y),Y,3,7,"(Y,Na)_6_(Ca,Na,REE)_12_(Ca,Na)F_42_","(Y,Na)_6_(Ca,Na,Y)_12_(Ca,Na)F_42_"
Twinnite,Sb,1.26,2,Pb(Sb_0.63_As_0.37_)_2_S_4_,PbSb_2_S_4_
Veenite,Sb,1,2,"Pb_2_(Sb,As)_2_S_5_",Pb_2_Sb_2_S_5_
Versiliaite,Fe,6,9.33333333333333,(Fe^2+^_2_Fe^3+^_2_)(Fe^3+^_2_Sb^3+^_6_)O_16_S,"(Fe^2+^,Fe^3+^,Zn^2+^)_8_(Sb^3+^,Fe^3+^,As^3+^)_16_O_32_S^2-^_1.3_"
Versiliaite,O,16,32,(Fe^2+^_2_Fe^3+^_2_)(Fe^3+^_2_Sb^3+^_6_)O_16_S,"(Fe^2+^,Fe^3+^,Zn^2+^)_8_(Sb^3+^,Fe^3+^,As^3+^)_16_O_32_S^2-^_1.3_"
Versiliaite,S,1,1.3,(Fe^2+^_2_Fe^3+^_2_)(Fe^3+^_2_Sb^3+^_6_)O_16_S,"(Fe^2+^,Fe^3+^,Zn^2+^)_8_(Sb^3+^,Fe^3+^,As^3+^)_16_O_32_S^2-^_1.3_"
Versiliaite,Sb,6,5.33333333333333,(Fe^2+^_2_Fe^3+^_2_)(Fe^3+^_2_Sb^3+^_6_)O_16_S,"(Fe^2+^,Fe^3+^,Zn^2+^)_8_(Sb^3+^,Fe^3+^,As^3+^)_16_O_32_S^2-^_1.3_"
Veszelyite,Cu,1,3,"(Cu,Zn)_2_Zn(PO_4_)(OH)_3_·2H_2_O",Cu^2+^_3_PO_4_(OH)_3_·2H_2_O
Wallkilldellite,As,2,4,Ca_2_Mn^2+^_3_(AsO_4_)_2_(OH)_4_·9H_2_O,Ca_4_Mn^2+^_6_(As^5+^O_4_)_4_(OH)_8_·18H_2_O
Wallkilldellite,Ca,2,4,Ca_2_Mn^2+^_3_(AsO_4_)_2_(OH)_4_·9H_2_O,Ca_4_Mn^2+^_6_(As^5+^O_4_)_4_(OH)_8_·18H_2_O
Wallkilldellite,H,22,44,Ca_2_Mn^2+^_3_(AsO_4_)_2_(OH)_4_·9H_2_O,Ca_4_Mn^2+^_6_(As^5+^O_4_)_4_(OH)_8_·18H_2_O
Wallkilldellite,Mn,3,6,Ca_2_Mn^2+^_3_(AsO_4_)_2_(OH)_4_·9H_2_O,Ca_4_Mn^2+^_6_(As^5+^O_4_)_4_(OH)_8_·18H_2_O
Wallkilldellite,O,21,42,Ca_2_Mn^2+^_3_(AsO_4_)_2_(OH)_4_·9H_2_O,Ca_4_Mn^2+^_6_(As^5+^O_4_)_4_(OH)_8_·18H_2_O
Wallkilldellite-(Fe),As,2,0.4,Ca_2_Fe^2+^_3_(AsO_4_)_2_(OH)_4_·9H_2_O,"(Ca,Cu^2+^)_4_Fe^2+^_6_(As^5+^O_4_,SiO_4_)_4_(OH)_8_·18H_2_O"
Wallkilldellite-(Fe),Fe,3,6,Ca_2_Fe^2+^_3_(AsO_4_)_2_(OH)_4_·9H_2_O,"(Ca,Cu^2+^)_4_Fe^2+^_6_(As^5+^O_4_,SiO_4_)_4_(OH)_8_·18H_2_O"
Wallkilldellite-(Fe),H,22,44,Ca_2_Fe^2+^_3_(AsO_4_)_2_(OH)_4_·9H_2_O,"(Ca,Cu^2+^)_4_Fe^2+^_6_(As^5+^O_4_,SiO_4_)_4_(OH)_8_·18H_2_O"
Wallkilldellite-(Fe),O,21,29.2,Ca_2_Fe^2+^_3_(AsO_4_)_2_(OH)_4_·9H_2_O,"(Ca,Cu^2+^)_4_Fe^2+^_6_(As^5+^O_4_,SiO_4_)_4_(OH)_8_·18H_2_O"
Watanabeite,As,1,2,"Cu_4_(As,Sb)_2_S_5_",Cu_4_As_2_S_5_
Watkinsonite,Se,4,8,"PbCu_2_Bi_4_(Se,S)_8_",PbCu_2_Bi_4_Se_8_
Weibullite,Ag,0.33,0.3,"Ag_0.33_Pb_5.33_Bi_8.33_(S,Se)_18_","Ag_0.3_Pb_5.3_Bi_8.3_(S,Se)_18_"
Weibullite,Bi,8.33,8.3,"Ag_0.33_Pb_5.33_Bi_8.33_(S,Se)_18_","Ag_0.3_Pb_5.3_Bi_8.3_(S,Se)_18_"
Weibullite,Pb,5.33,5.3,"Ag_0.33_Pb_5.33_Bi_8.33_(S,Se)_18_","Ag_0.3_Pb_5.3_Bi_8.3_(S,Se)_18_"
Wermlandite,Mg,7,8,Mg_7_Al_2_(OH)_18_[Ca(H_2_O)_6_](SO_4_)_2_·6H_2_O,Mg_8_Al_2_(OH)_18_(S^6+^O_4_)_2_·12H_2_O
Wiklundite,As,5,2.6,"Pb_2_(Mn^2+^,Zn)_3_(Fe^3+^,Mn^2+^)_2_(Mn^2+^,Mg)_19_(As^3+^O_3_)_2_[(Si,As^5+^)O_4_]_6_(OH)_18_Cl_6_","Pb^2+^_2_(Mn^2+^,Zn^2+^)_3_(Fe^3+^,Mn^2+^)_2_(Mn^2+^,Mg)_19_(As^3+^O_3_)_2_(Si,As^5+^O_4_)_6_(OH)_18_Cl_6_"
Wiklundite,O,48,26.4,"Pb_2_(Mn^2+^,Zn)_3_(Fe^3+^,Mn^2+^)_2_(Mn^2+^,Mg)_19_(As^3+^O_3_)_2_[(Si,As^5+^)O_4_]_6_(OH)_18_Cl_6_","Pb^2+^_2_(Mn^2+^,Zn^2+^)_3_(Fe^3+^,Mn^2+^)_2_(Mn^2+^,Mg)_19_(As^3+^O_3_)_2_(Si,As^5+^O_4_)_6_(OH)_18_Cl_6_"
Wilancookite,Ba,5.66666666666666,11,"(Ba,K,Na)_8_(Ba,Li,[box])_6_Be_24_P_24_O_96_·32H_2_O",Ba_8_(Ba_3_Li_2_[box])Be_24_P_24_O_96_·32H_2_O
Wilancookite,Li,3,2,"(Ba,K,Na)_8_(Ba,Li,[box])_6_Be_24_P_24_O_96_·32H_2_O",Ba_8_(Ba_3_Li_2_[box])Be_24_P_24_O_96_·32H_2_O
Wilcoxite,H,34,36,MgAl(SO_4_)_2_F·17H_2_O,MgAl(S^6+^O_4_)_2_F·18H_2_O
Wilcoxite,O,25,26,MgAl(SO_4_)_2_F·17H_2_O,MgAl(S^6+^O_4_)_2_F·18H_2_O
Wohlerite,Ca,4,2,"Na_2_Ca_4_Zr(Nb,Ti)(Si_2_O_7_)_2_(O,F)_4_","NaCa_2_(Zr^4+^,Nb^5+^)(Si_2_O_7_)(O,F)_2_"
Wohlerite,F,2,1,"Na_2_Ca_4_Zr(Nb,Ti)(Si_2_O_7_)_2_(O,F)_4_","NaCa_2_(Zr^4+^,Nb^5+^)(Si_2_O_7_)(O,F)_2_"
Wohlerite,Na,2,1,"Na_2_Ca_4_Zr(Nb,Ti)(Si_2_O_7_)_2_(O,F)_4_","NaCa_2_(Zr^4+^,Nb^5+^)(Si_2_O_7_)(O,F)_2_"
Wohlerite,O,16,8,"Na_2_Ca_4_Zr(Nb,Ti)(Si_2_O_7_)_2_(O,F)_4_","NaCa_2_(Zr^4+^,Nb^5+^)(Si_2_O_7_)(O,F)_2_"
Wohlerite,Si,4,2,"Na_2_Ca_4_Zr(Nb,Ti)(Si_2_O_7_)_2_(O,F)_4_","NaCa_2_(Zr^4+^,Nb^5+^)(Si_2_O_7_)(O,F)_2_"
Wohlerite,Zr,1,0.5,"Na_2_Ca_4_Zr(Nb,Ti)(Si_2_O_7_)_2_(O,F)_4_","NaCa_2_(Zr^4+^,Nb^5+^)(Si_2_O_7_)(O,F)_2_"
Yimengite,Cr,3,0.25,"K(Cr,Ti,Fe,Mg)_12_O_19_","K(Cr^3+^,Ti^4+^,Fe^3+^,Mg)"
Yimengite,Fe,3,0.25,"K(Cr,Ti,Fe,Mg)_12_O_19_","K(Cr^3+^,Ti^4+^,Fe^3+^,Mg)"
Yimengite,Mg,3,0.25,"K(Cr,Ti,Fe,Mg)_12_O_19_","K(Cr^3+^,Ti^4+^,Fe^3+^,Mg)"
Yimengite,Ti,3,0.25,"K(Cr,Ti,Fe,Mg)_12_O_19_","K(Cr^3+^,Ti^4+^,Fe^3+^,Mg)"
Yofortierite,H,16,15.166666666666668,Mn^2+^_5_Si_8_O_20_(OH)_2_·7H_2_O,"(Mn^2+^,Mg,Fe^3+^)_5_Si_8_O_20_(OH,H_2_O)_2_·7H_2_O"
Yofortierite,Mn,5,1.66666666666666,Mn^2+^_5_Si_8_O_20_(OH)_2_·7H_2_O,"(Mn^2+^,Mg,Fe^3+^)_5_Si_8_O_20_(OH,H_2_O)_2_·7H_2_O"
Yofortierite,O,29,27.833333333333336,Mn^2+^_5_Si_8_O_20_(OH)_2_·7H_2_O,"(Mn^2+^,Mg,Fe^3+^)_5_Si_8_O_20_(OH,H_2_O)_2_·7H_2_O"
Yttrotantalite-(Y),Nb,0.5,1,"(Y,U,Fe^2+^)(Ta,Nb)(O,OH)_4_","(Y^3+^,U^6+^,Fe^2+^)(Ta^5+^,Nb^5+^)_2_(O,OH)_4_"
Yttrotantalite-(Y),Ta,0.5,1,"(Y,U,Fe^2+^)(Ta,Nb)(O,OH)_4_","(Y^3+^,U^6+^,Fe^2+^)(Ta^5+^,Nb^5+^)_2_(O,OH)_4_"
Zincrosasite,Zn,1,2,"(Zn,Cu)_2_(CO_3_)(OH)_2_",Zn^2+^_2_(CO_3_)(OH)_2_
Zirconolite,Ca,0.5,1,"(Ca,Y)Zr(Ti,Mg,Al)_2_O_7_",CaZr^4+^Ti^4+^_2_O_7_
Zirconolite,Ti,0.666666666666666,2,"(Ca,Y)Zr(Ti,Mg,Al)_2_O_7_",CaZr^4+^Ti^4+^_2_O_7_
