id,cluster_ID,cluster_algorithm,label,group,network_degree,closeness,network_degree_norm,mineral_id,max_age,ima_chemistry,rruff_chemistry,mean_pauling,cov_pauling,element_name,element_hsab,atomic_mass,number_of_protons,element_table_period,element_table_group,atomic_radius,pauling,element_metal_type,element_density,element_specific_heat,element_redox_network,num_localities,font.face,title
Actinolite,6,Louvain,Actinolite,mineral,6,0.003289473684210526,0.8571428571428571,784,4,[box]Ca<sub>2</sub>(Mg_4.5-2.5_Fe^2+^_0.5-2.5_)Si<sub>8</sub>O<sub>22</sub>(OH)<sub>2</sub>,Ca_2_(Mg_4.5-2.5_Fe^2+^_0.5-2.5_)Si_8_O_22_(OH)_2_,1.9466666666666668,0.4365854110792049,NA,NA,NA,NA,NA,NA,NA,NA,NA,NA,NA,NA,2,courier,<p>Actinolite<br>[box]Ca<sub>2</sub>(Mg_4.5-2.5_Fe^2+^_0.5-2.5_)Si<sub>8</sub>O<sub>22</sub>(OH)<sub>2</sub><br>Maximum known age: 4 Ga<br>Number of known localities: 2<br>Mean electronegativity: 1.947<br>COV electronegativity: 0.437<br></p>
Aenigmatite,6,Louvain,Aenigmatite,mineral,5,0.0032679738562091504,0.7142857142857143,791,4.567609999999999,Na<sub>4</sub>[Fe^2+^<sub>10</sub>Ti<sub>2</sub>]O<sub>4</sub>[Si<sub>12</sub>O<sub>36</sub>],Na_4_(Fe^2+^_10_Ti^4+^_2_)O_4_[Si_12_O_36_],1.928,0.48121209172229334,NA,NA,NA,NA,NA,NA,NA,NA,NA,NA,NA,NA,1,courier,<p>Aenigmatite<br>Na<sub>4</sub>[Fe^2+^<sub>10</sub>Ti<sub>2</sub>]O<sub>4</sub>[Si<sub>12</sub>O<sub>36</sub>]<br>Maximum known age: 4.56761 Ga<br>Number of known localities: 1<br>Mean electronegativity: 1.928<br>COV electronegativity: 0.481<br></p>
Andradite,6,Louvain,Andradite,mineral,4,0.003067484662576687,0.5714285714285714,885,4.5685,Ca<sub>3</sub>Fe^3+^<sub>2</sub>(SiO<sub>4</sub>)<sub>3</sub>,Ca_3_Fe^3+^_2_(SiO_4_)_3_,2.0425,0.49811238588990825,NA,NA,NA,NA,NA,NA,NA,NA,NA,NA,NA,NA,2,courier,<p>Andradite<br>Ca<sub>3</sub>Fe^3+^<sub>2</sub>(SiO<sub>4</sub>)<sub>3</sub><br>Maximum known age: 4.5685 Ga<br>Number of known localities: 2<br>Mean electronegativity: 2.042<br>COV electronegativity: 0.498<br></p>
Ankerite,6,Louvain,Ankerite,mineral,5,0.0033333333333333335,0.7142857142857143,895,4,"Ca(Fe^2+^,Mg)(CO<sub>3</sub>)<sub>2</sub>",CaFe^2+^(CO_3_)_2_,2.026,0.485980436327233,NA,NA,NA,NA,NA,NA,NA,NA,NA,NA,NA,NA,4,courier,"<p>Ankerite<br>Ca(Fe^2+^,Mg)(CO<sub>3</sub>)<sub>2</sub><br>Maximum known age: 4 Ga<br>Number of known localities: 4<br>Mean electronegativity: 2.026<br>COV electronegativity: 0.486<br></p>"
Armalcolite,6,Louvain,Armalcolite,mineral,4,0.0032467532467532465,0.5714285714285714,936,4.567609999999999,"(Mg,Fe^2+^)Ti<sub>2</sub>O<sub>5</sub>","(Mg,Fe^2+^)Ti^4+^_2_O_5_",2.0300000000000002,0.47476713842859497,NA,NA,NA,NA,NA,NA,NA,NA,NA,NA,NA,NA,2,courier,"<p>Armalcolite<br>(Mg,Fe^2+^)Ti<sub>2</sub>O<sub>5</sub><br>Maximum known age: 4.56761 Ga<br>Number of known localities: 2<br>Mean electronegativity: 2.03<br>COV electronegativity: 0.475<br></p>"
Arsenopyrite,1,Louvain,Arsenopyrite,mineral,3,0.002645502645502646,0.42857142857142855,955,4,FeAsS,Fe^3+^(AsS)^3-^,2.1966666666666668,0.1708396092442747,NA,NA,NA,NA,NA,NA,NA,NA,NA,NA,NA,NA,15,courier,<p>Arsenopyrite<br>FeAsS<br>Maximum known age: 4 Ga<br>Number of known localities: 15<br>Mean electronegativity: 2.197<br>COV electronegativity: 0.171<br></p>
Augite,6,Louvain,Augite,mineral,6,0.0033783783783783786,0.8571428571428571,987,4.7,"(Ca,Mg,Fe)<sub>2</sub>Si<sub>2</sub>O<sub>6</sub>","(Ca,Mg,Fe^2+^,Fe^3+^)_2_(Si,Al)_2_O_6_",1.885,0.4462639074229774,NA,NA,NA,NA,NA,NA,NA,NA,NA,NA,NA,NA,8,courier,"<p>Augite<br>(Ca,Mg,Fe)<sub>2</sub>Si<sub>2</sub>O<sub>6</sub><br>Maximum known age: 4.7 Ga<br>Number of known localities: 8<br>Mean electronegativity: 1.885<br>COV electronegativity: 0.446<br></p>"
Awaruite,1,Louvain,Awaruite,mineral,2,0.002272727272727273,0.2857142857142857,997,4.62,Ni<sub>3</sub>Fe,Ni_3_Fe,1.87,0.030250557483916415,NA,NA,NA,NA,NA,NA,NA,NA,NA,NA,NA,NA,3,courier,<p>Awaruite<br>Ni<sub>3</sub>Fe<br>Maximum known age: 4.62 Ga<br>Number of known localities: 3<br>Mean electronegativity: 1.87<br>COV electronegativity: 0.03<br></p>
Barringerite,1,Louvain,Barringerite,mineral,3,0.00228310502283105,0.42857142857142855,1039,4.62,"(Fe,Ni)<sub>2</sub>P",Fe_2_P,1.9766666666666666,0.09563201941826524,NA,NA,NA,NA,NA,NA,NA,NA,NA,NA,NA,NA,1,courier,"<p>Barringerite<br>(Fe,Ni)<sub>2</sub>P<br>Maximum known age: 4.62 Ga<br>Number of known localities: 1<br>Mean electronegativity: 1.977<br>COV electronegativity: 0.096<br></p>"
Beaverite-(Cu),5,Louvain,Beaverite-(Cu),mineral,6,0.003205128205128205,0.8571428571428571,1071,4,Pb(Fe^3+^<sub>2</sub>Cu)(SO<sub>4</sub>)<sub>2</sub>(OH)<sub>6</sub>,PbCu^2+^Fe^3+^_2_(SO_4_)_2_(OH)_6_,2.38,0.2472502545387273,NA,NA,NA,NA,NA,NA,NA,NA,NA,NA,NA,NA,1,courier,<p>Beaverite-(Cu)<br>Pb(Fe^3+^<sub>2</sub>Cu)(SO<sub>4</sub>)<sub>2</sub>(OH)<sub>6</sub><br>Maximum known age: 4 Ga<br>Number of known localities: 1<br>Mean electronegativity: 2.38<br>COV electronegativity: 0.247<br></p>
Berthierite,2,Louvain,Berthierite,mineral,3,0.002645502645502646,0.42857142857142855,1107,4,FeSb<sub>2</sub>S<sub>4</sub>,Fe^2+^Sb^3+^_2_S^2-^_4_,2.1533333333333333,0.1790386710418083,NA,NA,NA,NA,NA,NA,NA,NA,NA,NA,NA,NA,1,courier,<p>Berthierite<br>FeSb<sub>2</sub>S<sub>4</sub><br>Maximum known age: 4 Ga<br>Number of known localities: 1<br>Mean electronegativity: 2.153<br>COV electronegativity: 0.179<br></p>
Bornite,2,Louvain,Bornite,mineral,3,0.0024509803921568627,0.42857142857142855,1183,4,Cu<sub>5</sub>FeS<sub>4</sub>,Cu^1+^_5_Fe^3+^S^2-^_4_,2.1033333333333335,0.19696665703785887,NA,NA,NA,NA,NA,NA,NA,NA,NA,NA,NA,NA,6,courier,<p>Bornite<br>Cu<sub>5</sub>FeS<sub>4</sub><br>Maximum known age: 4 Ga<br>Number of known localities: 6<br>Mean electronegativity: 2.103<br>COV electronegativity: 0.197<br></p>
Chalcopyrite,2,Louvain,Chalcopyrite,mineral,3,0.0024509803921568627,0.42857142857142855,1399,4,CuFeS<sub>2</sub>,Cu^1+^Fe^3+^S^2-^_2_,2.1033333333333335,0.19696665703785887,NA,NA,NA,NA,NA,NA,NA,NA,NA,NA,NA,NA,34,courier,<p>Chalcopyrite<br>CuFeS<sub>2</sub><br>Maximum known age: 4 Ga<br>Number of known localities: 34<br>Mean electronegativity: 2.103<br>COV electronegativity: 0.197<br></p>
Chloritoid,6,Louvain,Chloritoid,mineral,5,0.0032679738562091504,0.7142857142857143,1445,4,Fe^2+^Al<sub>2</sub>O(SiO<sub>4</sub>)(OH)<sub>2</sub>,Fe^2+^Al_2_OSiO_4_(OH)_2_,2.196,0.33093148123127053,NA,NA,NA,NA,NA,NA,NA,NA,NA,NA,NA,NA,2,courier,<p>Chloritoid<br>Fe^2+^Al<sub>2</sub>O(SiO<sub>4</sub>)(OH)<sub>2</sub><br>Maximum known age: 4 Ga<br>Number of known localities: 2<br>Mean electronegativity: 2.196<br>COV electronegativity: 0.331<br></p>
Chromite,2,Louvain,Chromite,mineral,3,0.0032258064516129032,0.42857142857142855,1463,4.7,Fe^2+^Cr<sub>2</sub>O<sub>4</sub>,Fe^2+^Cr^3+^_2_O_4_,2.31,0.42523516677094486,NA,NA,NA,NA,NA,NA,NA,NA,NA,NA,NA,NA,7,courier,<p>Chromite<br>Fe^2+^Cr<sub>2</sub>O<sub>4</sub><br>Maximum known age: 4.7 Ga<br>Number of known localities: 7<br>Mean electronegativity: 2.31<br>COV electronegativity: 0.425<br></p>
Cohenite,1,Louvain,Cohenite,mineral,2,0.0024875621890547263,0.2857142857142857,1532,4.62,CFe<sub>3</sub>,Fe_3_C,2.19,0.23247346230790597,NA,NA,NA,NA,NA,NA,NA,NA,NA,NA,NA,NA,1,courier,<p>Cohenite<br>CFe<sub>3</sub><br>Maximum known age: 4.62 Ga<br>Number of known localities: 1<br>Mean electronegativity: 2.19<br>COV electronegativity: 0.232<br></p>
Coulsonite,2,Louvain,Coulsonite,mineral,3,0.0032258064516129032,0.42857142857142855,1568,4.5685,Fe^2+^V^3+^<sub>2</sub>O<sub>4</sub>,Fe^2+^V^3+^_2_O_4_,2.3,0.4314437011903018,NA,NA,NA,NA,NA,NA,NA,NA,NA,NA,NA,NA,2,courier,<p>Coulsonite<br>Fe^2+^V^3+^<sub>2</sub>O<sub>4</sub><br>Maximum known age: 4.5685 Ga<br>Number of known localities: 2<br>Mean electronegativity: 2.3<br>COV electronegativity: 0.431<br></p>
Cronstedtite,6,Louvain,Cronstedtite,mineral,5,0.0033557046979865775,0.7142857142857143,1582,4.7,"(Fe^2+^,Fe^3+^)<sub>3</sub>(Si,Fe^3+^)<sub>2</sub>O<sub>5</sub>(OH)<sub>4</sub>","(Fe^2+^,Fe^3+^)_3_(Si,Fe^3+^)_2_O_5_(OH)_4_",2.171666666666667,0.2936582058787341,NA,NA,NA,NA,NA,NA,NA,NA,NA,NA,NA,NA,3,courier,"<p>Cronstedtite<br>(Fe^2+^,Fe^3+^)<sub>3</sub>(Si,Fe^3+^)<sub>2</sub>O<sub>5</sub>(OH)<sub>4</sub><br>Maximum known age: 4.7 Ga<br>Number of known localities: 3<br>Mean electronegativity: 2.172<br>COV electronegativity: 0.294<br></p>"
Cubanite,2,Louvain,Cubanite,mineral,4,0.0029411764705882357,0.5714285714285714,1590,4,CuFe<sub>2</sub>S<sub>3</sub>,Cu^1+^Fe^2+^Fe^3+^S^2-^_3_,2.035,0.1792770156948865,NA,NA,NA,NA,NA,NA,NA,NA,NA,NA,NA,NA,2,courier,<p>Cubanite<br>CuFe<sub>2</sub>S<sub>3</sub><br>Maximum known age: 4 Ga<br>Number of known localities: 2<br>Mean electronegativity: 2.035<br>COV electronegativity: 0.179<br></p>
Daubreelite,2,Louvain,Daubreelite,mineral,3,0.002645502645502646,0.42857142857142855,1635,4.62,FeCr<sub>2</sub>S<sub>4</sub>,Fe^2+^Cr^3+^_2_S^2-^_4_,2.0233333333333334,0.24193916536092305,NA,NA,NA,NA,NA,NA,NA,NA,NA,NA,NA,NA,2,courier,<p>Daubreelite<br>FeCr<sub>2</sub>S<sub>4</sub><br>Maximum known age: 4.62 Ga<br>Number of known localities: 2<br>Mean electronegativity: 2.023<br>COV electronegativity: 0.242<br></p>
Epidote,6,Louvain,Epidote,mineral,6,0.003105590062111801,0.8571428571428571,1767,4,Ca<sub>2</sub>(Al<sub>2</sub>Fe^3+^)[Si<sub>2</sub>O<sub>7</sub>][SiO<sub>4</sub>]O(OH),Ca_2_Fe^3+^Al_2_(Si_2_O_7_)(SiO_4_)O(OH),1.9966666666666666,0.40715943090790796,NA,NA,NA,NA,NA,NA,NA,NA,NA,NA,NA,NA,5,courier,<p>Epidote<br>Ca<sub>2</sub>(Al<sub>2</sub>Fe^3+^)[Si<sub>2</sub>O<sub>7</sub>][SiO<sub>4</sub>]O(OH)<br>Maximum known age: 4 Ga<br>Number of known localities: 5<br>Mean electronegativity: 1.997<br>COV electronegativity: 0.407<br></p>
Fayalite,6,Louvain,Fayalite,mineral,3,0.0032258064516129032,0.42857142857142855,1826,4.567609999999999,Fe^2+^<sub>2</sub>(SiO<sub>4</sub>),Fe^2+^_2_SiO_4_,2.39,0.38075313807531375,NA,NA,NA,NA,NA,NA,NA,NA,NA,NA,NA,NA,1,courier,<p>Fayalite<br>Fe^2+^<sub>2</sub>(SiO<sub>4</sub>)<br>Maximum known age: 4.56761 Ga<br>Number of known localities: 1<br>Mean electronegativity: 2.39<br>COV electronegativity: 0.381<br></p>
Ferro-pargasite,6,Louvain,Ferro-pargasite,mineral,7,0.0033112582781456954,1,1906,4,NaCa<sub>2</sub>(Fe^2+^<sub>4</sub>Al)(Si<sub>6</sub>Al<sub>2</sub>)O<sub>22</sub>(OH)<sub>2</sub>,NaCa_2_(Fe^2+^_4_Al)(Si_6_Al_2_)O_22_(OH)_2_,1.8442857142857143,0.45793776489805893,NA,NA,NA,NA,NA,NA,NA,NA,NA,NA,NA,NA,1,courier,<p>Ferro-pargasite<br>NaCa<sub>2</sub>(Fe^2+^<sub>4</sub>Al)(Si<sub>6</sub>Al<sub>2</sub>)O<sub>22</sub>(OH)<sub>2</sub><br>Maximum known age: 4 Ga<br>Number of known localities: 1<br>Mean electronegativity: 1.844<br>COV electronegativity: 0.458<br></p>
Frohbergite,1,Louvain,Frohbergite,mineral,2,0.002272727272727273,0.2857142857142857,2003,4,FeTe<sub>2</sub>,FeTe_2_,1.965,0.0971597103920447,NA,NA,NA,NA,NA,NA,NA,NA,NA,NA,NA,NA,1,courier,<p>Frohbergite<br>FeTe<sub>2</sub><br>Maximum known age: 4 Ga<br>Number of known localities: 1<br>Mean electronegativity: 1.965<br>COV electronegativity: 0.097<br></p>
Goethite,6,Louvain,Goethite,mineral,3,0.003048780487804878,0.42857142857142855,2115,4.62,FeO(OH),Fe^3+^O(OH),2.49,0.33866162835637514,NA,NA,NA,NA,NA,NA,NA,NA,NA,NA,NA,NA,4,courier,<p>Goethite<br>FeO(OH)<br>Maximum known age: 4.62 Ga<br>Number of known localities: 4<br>Mean electronegativity: 2.49<br>COV electronegativity: 0.339<br></p>
Greenalite,6,Louvain,Greenalite,mineral,5,0.0033557046979865775,0.7142857142857143,2150,4.7,"(Fe^2+^,Fe^3+^)_2-3_Si<sub>2</sub>O<sub>5</sub>(OH)<sub>4</sub>","(Fe^2+^,Fe^3+^)_2-3_Si_2_O_5_(OH)_4_",2.24,0.30714480377290093,NA,NA,NA,NA,NA,NA,NA,NA,NA,NA,NA,NA,2,courier,"<p>Greenalite<br>(Fe^2+^,Fe^3+^)_2-3_Si<sub>2</sub>O<sub>5</sub>(OH)<sub>4</sub><br>Maximum known age: 4.7 Ga<br>Number of known localities: 2<br>Mean electronegativity: 2.24<br>COV electronegativity: 0.307<br></p>"
Grunerite,6,Louvain,Grunerite,mineral,4,0.0032467532467532465,0.5714285714285714,2164,4,[box]Fe^2+^<sub>2</sub>Fe^2+^<sub>5</sub>Si<sub>8</sub>O<sub>22</sub>(OH)<sub>2</sub>,[box]Fe^2+^_2_Fe^2+^_5_Si_8_O_22_(OH)_2_,2.24,0.30714480377290093,NA,NA,NA,NA,NA,NA,NA,NA,NA,NA,NA,NA,2,courier,<p>Grunerite<br>[box]Fe^2+^<sub>2</sub>Fe^2+^<sub>5</sub>Si<sub>8</sub>O<sub>22</sub>(OH)<sub>2</sub><br>Maximum known age: 4 Ga<br>Number of known localities: 2<br>Mean electronegativity: 2.24<br>COV electronegativity: 0.307<br></p>
Haxonite,1,Louvain,Haxonite,mineral,3,0.0025,0.42857142857142855,2220,4.62,"(Fe,Ni)<sub>23</sub>C<sub>6</sub>","(Fe,Ni)_23_C_6_",2.0966666666666667,0.18821810603432415,NA,NA,NA,NA,NA,NA,NA,NA,NA,NA,NA,NA,1,courier,"<p>Haxonite<br>(Fe,Ni)<sub>23</sub>C<sub>6</sub><br>Maximum known age: 4.62 Ga<br>Number of known localities: 1<br>Mean electronegativity: 2.097<br>COV electronegativity: 0.188<br></p>"
Hedenbergite,6,Louvain,Hedenbergite,mineral,4,0.0032467532467532465,0.5714285714285714,2227,4.567609999999999,CaFe^2+^Si<sub>2</sub>O<sub>6</sub>,CaFe^2+^Si_2_O_6_,2.0425,0.49811238588990825,NA,NA,NA,NA,NA,NA,NA,NA,NA,NA,NA,NA,2,courier,<p>Hedenbergite<br>CaFe^2+^Si<sub>2</sub>O<sub>6</sub><br>Maximum known age: 4.56761 Ga<br>Number of known localities: 2<br>Mean electronegativity: 2.042<br>COV electronegativity: 0.498<br></p>
Hematite,5,Louvain,Hematite,mineral,2,0.0030303030303030303,0.2857142857142857,2239,4.62,Fe<sub>2</sub>O<sub>3</sub>,Fe^3+^_2_O_3_,2.635,0.4320462685807747,NA,NA,NA,NA,NA,NA,NA,NA,NA,NA,NA,NA,5,courier,<p>Hematite<br>Fe<sub>2</sub>O<sub>3</sub><br>Maximum known age: 4.62 Ga<br>Number of known localities: 5<br>Mean electronegativity: 2.635<br>COV electronegativity: 0.432<br></p>
Hercynite,6,Louvain,Hercynite,mineral,3,0.0032258064516129032,0.42857142857142855,2254,4.5685,Fe^2+^Al<sub>2</sub>O<sub>4</sub>,Fe^2+^Al_2_O_4_,2.2933333333333334,0.43566116694016305,NA,NA,NA,NA,NA,NA,NA,NA,NA,NA,NA,NA,2,courier,<p>Hercynite<br>Fe^2+^Al<sub>2</sub>O<sub>4</sub><br>Maximum known age: 4.5685 Ga<br>Number of known localities: 2<br>Mean electronegativity: 2.293<br>COV electronegativity: 0.436<br></p>
Hexamolybdenum,3,Louvain,Hexamolybdenum,mineral,5,0.002304147465437788,0.7142857142857143,5630,4.7,"(Mo,Ru,Fe,Ir,Os)","(Mo,Ru,Fe,Ir,Os)",2.1180000000000003,0.07645227053025976,NA,NA,NA,NA,NA,NA,NA,NA,NA,NA,NA,NA,2,courier,"<p>Hexamolybdenum<br>(Mo,Ru,Fe,Ir,Os)<br>Maximum known age: 4.7 Ga<br>Number of known localities: 2<br>Mean electronegativity: 2.118<br>COV electronegativity: 0.076<br></p>"
Hibonite-(Fe),6,Louvain,Hibonite-(Fe),mineral,3,0.0032258064516129032,0.42857142857142855,5754,4.567609999999999,FeAl<sub>12</sub>O<sub>19</sub>,Fe^2+^Al_12_O_19_,2.2933333333333334,0.43566116694016305,NA,NA,NA,NA,NA,NA,NA,NA,NA,NA,NA,NA,1,courier,<p>Hibonite-(Fe)<br>FeAl<sub>12</sub>O<sub>19</sub><br>Maximum known age: 4.56761 Ga<br>Number of known localities: 1<br>Mean electronegativity: 2.293<br>COV electronegativity: 0.436<br></p>
Hydrobiotite,6,Louvain,Hydrobiotite,mineral,7,0.0033112582781456954,1,2336,4,"K(Mg,Fe^2+^)<sub>6</sub>(Si,Al)<sub>8</sub>O<sub>20</sub>(OH)<sub>4</sub>·nH<sub>2</sub>O","K(Mg,Fe^2+^)_6_(Si,Al)_8_O_20_(OH)_4_·nH_2_O",1.8728571428571428,0.4392175485479728,NA,NA,NA,NA,NA,NA,NA,NA,NA,NA,NA,NA,1,courier,"<p>Hydrobiotite<br>K(Mg,Fe^2+^)<sub>6</sub>(Si,Al)<sub>8</sub>O<sub>20</sub>(OH)<sub>4</sub>·nH<sub>2</sub>O<br>Maximum known age: 4 Ga<br>Number of known localities: 1<br>Mean electronegativity: 1.873<br>COV electronegativity: 0.439<br></p>"
Ilmenite,6,Louvain,Ilmenite,mineral,3,0.0032258064516129032,0.42857142857142855,2378,4.567609999999999,Fe^2+^Ti^4+^O<sub>3</sub>,Fe^2+^Ti^4+^O_3_,2.27,0.45091285297503997,NA,NA,NA,NA,NA,NA,NA,NA,NA,NA,NA,NA,8,courier,<p>Ilmenite<br>Fe^2+^Ti^4+^O<sub>3</sub><br>Maximum known age: 4.56761 Ga<br>Number of known localities: 8<br>Mean electronegativity: 2.27<br>COV electronegativity: 0.451<br></p>
Iron,1,Louvain, Iron,mineral,1,0.0022624434389140274,0.14285714285714285,2487,4.7,Fe,Fe,1.83,NA,NA,NA,NA,NA,NA,NA,NA,NA,NA,NA,NA,NA,6,courier,<p>Iron<br>Fe<br>Maximum known age: 4.7 Ga<br>Number of known localities: 6<br>Mean electronegativity: 1.83<br>COV electronegativity: NA<br></p>
Isocubanite,2,Louvain,Isocubanite,mineral,4,0.0029411764705882357,0.5714285714285714,2489,4.62,CuFe<sub>2</sub>S<sub>3</sub>,Cu^1+^Fe^2+^Fe^3+^S^2-^_3_,2.035,0.1792770156948865,NA,NA,NA,NA,NA,NA,NA,NA,NA,NA,NA,NA,2,courier,<p>Isocubanite<br>CuFe<sub>2</sub>S<sub>3</sub><br>Maximum known age: 4.62 Ga<br>Number of known localities: 2<br>Mean electronegativity: 2.035<br>COV electronegativity: 0.179<br></p>
Jarosite,4,Louvain,Jarosite,mineral,5,0.0030864197530864196,0.7142857142857143,2519,4,KFe^3+^<sub>3</sub>(SO<sub>4</sub>)<sub>2</sub>(OH)<sub>6</sub>,KFe^3+^_3_(S^6+^O_4_)_2_(OH)_6_,2.174,0.44358542158537145,NA,NA,NA,NA,NA,NA,NA,NA,NA,NA,NA,NA,2,courier,<p>Jarosite<br>KFe^3+^<sub>3</sub>(SO<sub>4</sub>)<sub>2</sub>(OH)<sub>6</sub><br>Maximum known age: 4 Ga<br>Number of known localities: 2<br>Mean electronegativity: 2.174<br>COV electronegativity: 0.444<br></p>
Kamiokite,2,Louvain,Kamiokite,mineral,3,0.0032258064516129032,0.42857142857142855,2586,4.567609999999999,Fe^2+^<sub>2</sub>Mo^4+^<sub>3</sub>O<sub>8</sub>,Fe^2+^_2_Mo^4+^_3_O_8_,2.4766666666666666,0.34337736062356905,NA,NA,NA,NA,NA,NA,NA,NA,NA,NA,NA,NA,1,courier,<p>Kamiokite<br>Fe^2+^<sub>2</sub>Mo^4+^<sub>3</sub>O<sub>8</sub><br>Maximum known age: 4.56761 Ga<br>Number of known localities: 1<br>Mean electronegativity: 2.477<br>COV electronegativity: 0.343<br></p>
Kirschsteinite,6,Louvain,Kirschsteinite,mineral,4,0.0032467532467532465,0.5714285714285714,2663,4.5685,CaFe^2+^(SiO<sub>4</sub>),CaFe^2+^SiO_4_,2.0425,0.49811238588990825,NA,NA,NA,NA,NA,NA,NA,NA,NA,NA,NA,NA,2,courier,<p>Kirschsteinite<br>CaFe^2+^(SiO<sub>4</sub>)<br>Maximum known age: 4.5685 Ga<br>Number of known localities: 2<br>Mean electronegativity: 2.042<br>COV electronegativity: 0.498<br></p>
Lawrencite,2,Louvain,Lawrencite,mineral,2,0.002604166666666667,0.2857142857142857,2799,4.62,FeCl<sub>2</sub>,Fe^2+^Cl_2_,2.495,0.37693467694513355,NA,NA,NA,NA,NA,NA,NA,NA,NA,NA,NA,NA,1,courier,<p>Lawrencite<br>FeCl<sub>2</sub><br>Maximum known age: 4.62 Ga<br>Number of known localities: 1<br>Mean electronegativity: 2.495<br>COV electronegativity: 0.377<br></p>
Lollingite,1,Louvain,Lollingite,mineral,2,0.002358490566037736,0.2857142857142857,2879,4,FeAs<sub>2</sub>,FeAs_2_,2.005,0.12343509896024524,NA,NA,NA,NA,NA,NA,NA,NA,NA,NA,NA,NA,1,courier,<p>Lollingite<br>FeAs<sub>2</sub><br>Maximum known age: 4 Ga<br>Number of known localities: 1<br>Mean electronegativity: 2.005<br>COV electronegativity: 0.123<br></p>
Mackinawite,1,Louvain,Mackinawite,mineral,3,0.0025906735751295338,0.42857142857142855,2921,4.62,"(Fe,Ni)_1+x_S (x = 0-0.07)","(Fe,Ni)_1-1.07_S",2.1066666666666665,0.19550585786175284,NA,NA,NA,NA,NA,NA,NA,NA,NA,NA,NA,NA,3,courier,"<p>Mackinawite<br>(Fe,Ni)_1+x_S (x = 0-0.07)<br>Maximum known age: 4.62 Ga<br>Number of known localities: 3<br>Mean electronegativity: 2.107<br>COV electronegativity: 0.196<br></p>"
Maghemite,5,Louvain,Maghemite,mineral,2,0.0030303030303030303,0.2857142857142857,2928,4.62,(Fe^3+^<sub>0.67</sub>[box]<sub>0.33</sub>)Fe^3+^<sub>2</sub>O<sub>4</sub>,(Fe^3+^_0.67_[box]_0.33_)Fe^3+^_2_O_4_,2.3666666666666667,0.39276081692759046,NA,NA,NA,NA,NA,NA,NA,NA,NA,NA,NA,NA,2,courier,<p>Maghemite<br>(Fe^3+^<sub>0.67</sub>[box]<sub>0.33</sub>)Fe^3+^<sub>2</sub>O<sub>4</sub><br>Maximum known age: 4.62 Ga<br>Number of known localities: 2<br>Mean electronegativity: 2.367<br>COV electronegativity: 0.393<br></p>
Magnetite,5,Louvain,Magnetite,mineral,3,0.0033112582781456954,0.42857142857142855,2965,4.7,Fe^2+^Fe^3+^<sub>2</sub>O<sub>4</sub>,Fe^2+^Fe^3+^_2_O_4_,2.3666666666666667,0.39276081692759046,NA,NA,NA,NA,NA,NA,NA,NA,NA,NA,NA,NA,48,courier,<p>Magnetite<br>Fe^2+^Fe^3+^<sub>2</sub>O<sub>4</sub><br>Maximum known age: 4.7 Ga<br>Number of known localities: 48<br>Mean electronegativity: 2.367<br>COV electronegativity: 0.393<br></p>
Marcasite,1,Louvain,Marcasite,mineral,2,0.002577319587628866,0.2857142857142857,3023,4,FeS<sub>2</sub>,FeS_2_,2.205,0.2405125106076692,NA,NA,NA,NA,NA,NA,NA,NA,NA,NA,NA,NA,2,courier,<p>Marcasite<br>FeS<sub>2</sub><br>Maximum known age: 4 Ga<br>Number of known localities: 2<br>Mean electronegativity: 2.205<br>COV electronegativity: 0.241<br></p>
Pentlandite,1,Louvain,Pentlandite,mineral,3,0.0025906735751295338,0.42857142857142855,3576,4.7,"(Ni,Fe)<sub>9</sub>S<sub>8</sub>","(Ni,Fe)_9_S_8_",2.1066666666666665,0.19550585786175284,NA,NA,NA,NA,NA,NA,NA,NA,NA,NA,NA,NA,6,courier,"<p>Pentlandite<br>(Ni,Fe)<sub>9</sub>S<sub>8</sub><br>Maximum known age: 4.7 Ga<br>Number of known localities: 6<br>Mean electronegativity: 2.107<br>COV electronegativity: 0.196<br></p>"
Pigeonite,6,Louvain,Pigeonite,mineral,5,0.0032679738562091504,0.7142857142857143,3638,4.5685,"(Mg,Fe,Ca)<sub>2</sub>Si<sub>2</sub>O<sub>6</sub>","(Mg,Fe^2+^,Ca)SiO_3_",1.896,0.49578900702076156,NA,NA,NA,NA,NA,NA,NA,NA,NA,NA,NA,NA,4,courier,"<p>Pigeonite<br>(Mg,Fe,Ca)<sub>2</sub>Si<sub>2</sub>O<sub>6</sub><br>Maximum known age: 4.5685 Ga<br>Number of known localities: 4<br>Mean electronegativity: 1.896<br>COV electronegativity: 0.496<br></p>"
Plumbojarosite,5,Louvain,Plumbojarosite,mineral,5,0.003184713375796178,0.7142857142857143,3663,4,Pb<sub>0.5</sub>Fe^3+^<sub>3</sub>(SO<sub>4</sub>)<sub>2</sub>(OH)<sub>6</sub>,PbFe^3+^_6_(SO_4_)_4_(OH)_12_,2.476,0.24357848276630764,NA,NA,NA,NA,NA,NA,NA,NA,NA,NA,NA,NA,1,courier,<p>Plumbojarosite<br>Pb<sub>0.5</sub>Fe^3+^<sub>3</sub>(SO<sub>4</sub>)<sub>2</sub>(OH)<sub>6</sub><br>Maximum known age: 4 Ga<br>Number of known localities: 1<br>Mean electronegativity: 2.476<br>COV electronegativity: 0.244<br></p>
Pyrite,1,Louvain,Pyrite,mineral,2,0.0030864197530864196,0.2857142857142857,3741,4,FeS<sub>2</sub>,Fe^2+^(S_2_)^2-^,2.205,0.2405125106076692,NA,NA,NA,NA,NA,NA,NA,NA,NA,NA,NA,NA,44,courier,<p>Pyrite<br>FeS<sub>2</sub><br>Maximum known age: 4 Ga<br>Number of known localities: 44<br>Mean electronegativity: 2.205<br>COV electronegativity: 0.241<br></p>
Pyrosmalite-(Fe),6,Louvain,Pyrosmalite-(Fe),mineral,4,0.0032467532467532465,0.5714285714285714,1907,4,Fe^2+^<sub>8</sub>Si<sub>6</sub>O<sub>15</sub>(OH)<sub>10</sub>,Fe^2+^_8_Si_6_O_15_(OH)_10_,2.3425000000000002,0.31976970019183726,NA,NA,NA,NA,NA,NA,NA,NA,NA,NA,NA,NA,1,courier,<p>Pyrosmalite-(Fe)<br>Fe^2+^<sub>8</sub>Si<sub>6</sub>O<sub>15</sub>(OH)<sub>10</sub><br>Maximum known age: 4 Ga<br>Number of known localities: 1<br>Mean electronegativity: 2.343<br>COV electronegativity: 0.32<br></p>
Pyrrhotite,2,Louvain,Pyrrhotite,mineral,3,0.0029239766081871348,0.42857142857142855,3754,4.7,Fe<sub>7</sub>S<sub>8</sub>,Fe^2+^_5_Fe^3+^_2_S^2-^_8_,2.08,0.2081791836020285,NA,NA,NA,NA,NA,NA,NA,NA,NA,NA,NA,NA,58,courier,<p>Pyrrhotite<br>Fe<sub>7</sub>S<sub>8</sub><br>Maximum known age: 4.7 Ga<br>Number of known localities: 58<br>Mean electronegativity: 2.08<br>COV electronegativity: 0.208<br></p>
Reevesite,5,Louvain,Reevesite,mineral,5,0.0030864197530864196,0.7142857142857143,3811,4.62,Ni<sub>6</sub>Fe^3+^<sub>2</sub>(CO<sub>3</sub>)(OH)<sub>16</sub>·4H<sub>2</sub>O,Ni^2+^_6_Fe^3+^_2_C^4+^O_3_(OH)_16_·4H_2_O,2.386,0.27387901286936156,NA,NA,NA,NA,NA,NA,NA,NA,NA,NA,NA,NA,2,courier,<p>Reevesite<br>Ni<sub>6</sub>Fe^3+^<sub>2</sub>(CO<sub>3</sub>)(OH)<sub>16</sub>·4H<sub>2</sub>O<br>Maximum known age: 4.62 Ga<br>Number of known localities: 2<br>Mean electronegativity: 2.386<br>COV electronegativity: 0.274<br></p>
Rhonite,6,Louvain,Rhonite,mineral,7,0.003125,1,3841,4.5685,Ca<sub>4</sub>[Mg<sub>8</sub>Fe^3+^<sub>2</sub>Ti<sub>2</sub>]O<sub>4</sub>[Si<sub>6</sub>Al<sub>6</sub>O<sub>36</sub>],Ca_4_(Mg_8_Fe^3+^_2_Ti^4+^_2_)O_4_[Si_6_Al_6_O_36_],1.8042857142857143,0.43429914999369346,NA,NA,NA,NA,NA,NA,NA,NA,NA,NA,NA,NA,2,courier,<p>Rhonite<br>Ca<sub>4</sub>[Mg<sub>8</sub>Fe^3+^<sub>2</sub>Ti<sub>2</sub>]O<sub>4</sub>[Si<sub>6</sub>Al<sub>6</sub>O<sub>36</sub>]<br>Maximum known age: 4.5685 Ga<br>Number of known localities: 2<br>Mean electronegativity: 1.804<br>COV electronegativity: 0.434<br></p>
Roaldite,1,Louvain,Roaldite,mineral,3,0.00228310502283105,0.42857142857142855,3857,4.62,"(Fe,Ni)<sub>4</sub>N","(Fe,Ni)_4_N",2.26,0.29941729505694104,NA,NA,NA,NA,NA,NA,NA,NA,NA,NA,NA,NA,1,courier,"<p>Roaldite<br>(Fe,Ni)<sub>4</sub>N<br>Maximum known age: 4.62 Ga<br>Number of known localities: 1<br>Mean electronegativity: 2.26<br>COV electronegativity: 0.299<br></p>"
Schorl,6,Louvain,Schorl,mineral,7,0.0033112582781456954,1,3999,4,NaFe^2+^<sub>3</sub>Al<sub>6</sub>(Si<sub>6</sub>O<sub>18</sub>)(BO<sub>3</sub>)<sub>3</sub>(OH)<sub>3</sub>(OH),NaFe^2+^_3_Al_6_(Si_6_O_18_)(BO_3_)_3_(OH)_3_OH,1.9928571428571429,0.380543673344398,NA,NA,NA,NA,NA,NA,NA,NA,NA,NA,NA,NA,1,courier,<p>Schorl<br>NaFe^2+^<sub>3</sub>Al<sub>6</sub>(Si<sub>6</sub>O<sub>18</sub>)(BO<sub>3</sub>)<sub>3</sub>(OH)<sub>3</sub>(OH)<br>Maximum known age: 4 Ga<br>Number of known localities: 1<br>Mean electronegativity: 1.993<br>COV electronegativity: 0.381<br></p>
Schreibersite,1,Louvain,Schreibersite,mineral,3,0.00228310502283105,0.42857142857142855,4001,4.7,"(Fe,Ni)<sub>3</sub>P","(Fe,Ni,Cr)_3_P",1.9766666666666666,0.09563201941826524,NA,NA,NA,NA,NA,NA,NA,NA,NA,NA,NA,NA,4,courier,"<p>Schreibersite<br>(Fe,Ni)<sub>3</sub>P<br>Maximum known age: 4.7 Ga<br>Number of known localities: 4<br>Mean electronegativity: 1.977<br>COV electronegativity: 0.096<br></p>"
Siderite,1,Louvain,Siderite,mineral,3,0.003289473684210526,0.42857142857142855,4073,4,Fe(CO<sub>3</sub>),Fe^2+^CO_3_,2.6066666666666665,0.30939685625808233,NA,NA,NA,NA,NA,NA,NA,NA,NA,NA,NA,NA,2,courier,<p>Siderite<br>Fe(CO<sub>3</sub>)<br>Maximum known age: 4 Ga<br>Number of known localities: 2<br>Mean electronegativity: 2.607<br>COV electronegativity: 0.309<br></p>
Siderotil,4,Louvain,Siderotil,mineral,4,0.0032467532467532465,0.5714285714285714,4076,4,Fe(SO<sub>4</sub>)·5H<sub>2</sub>O,Fe^2+^S^6+^O_4_·5H_2_O,2.5125,0.274624462219396,NA,NA,NA,NA,NA,NA,NA,NA,NA,NA,NA,NA,4,courier,<p>Siderotil<br>Fe(SO<sub>4</sub>)·5H<sub>2</sub>O<br>Maximum known age: 4 Ga<br>Number of known localities: 4<br>Mean electronegativity: 2.513<br>COV electronegativity: 0.275<br></p>
Stannite,2,Louvain,Stannite,mineral,4,0.0026595744680851063,0.5714285714285714,4172,4,Cu<sub>2</sub>FeSnS<sub>4</sub>,Cu^1+^_2_Fe^2+^Sn^4+^S^2-^_4_,2.0675,0.167241636241546,NA,NA,NA,NA,NA,NA,NA,NA,NA,NA,NA,NA,1,courier,<p>Stannite<br>Cu<sub>2</sub>FeSnS<sub>4</sub><br>Maximum known age: 4 Ga<br>Number of known localities: 1<br>Mean electronegativity: 2.067<br>COV electronegativity: 0.167<br></p>
Taenite,1,Louvain,Taenite,mineral,2,0.002272727272727273,0.2857142857142857,4296,4.62,"(Ni,Fe)","(Fe,Ni)",1.87,0.030250557483916415,NA,NA,NA,NA,NA,NA,NA,NA,NA,NA,NA,NA,4,courier,"<p>Taenite<br>(Ni,Fe)<br>Maximum known age: 4.62 Ga<br>Number of known localities: 4<br>Mean electronegativity: 1.87<br>COV electronegativity: 0.03<br></p>"
Tennantite-(Fe),2,Louvain,Tennantite-(Fe),mineral,4,0.0026595744680851063,0.5714285714285714,4344,4,Cu<sub>6</sub>(Cu<sub>4</sub>Fe<sub>2</sub>)As<sub>4</sub>S<sub>13</sub>,Cu^1+^_6_(Cu^1+^_4_Fe^2+^_2_)As^3+^_4_S^2-^_13_,2.078,0.14973971283897608,NA,NA,NA,NA,NA,NA,NA,NA,NA,NA,NA,NA,6,courier,<p>Tennantite-(Fe)<br>Cu<sub>6</sub>(Cu<sub>4</sub>Fe<sub>2</sub>)As<sub>4</sub>S<sub>13</sub><br>Maximum known age: 4 Ga<br>Number of known localities: 6<br>Mean electronegativity: 2.078<br>COV electronegativity: 0.15<br></p>
Tetrataenite,1,Louvain,Tetrataenite,mineral,2,0.002272727272727273,0.2857142857142857,4363,4.62,FeNi,FeNi,1.87,0.030250557483916415,NA,NA,NA,NA,NA,NA,NA,NA,NA,NA,NA,NA,2,courier,<p>Tetrataenite<br>FeNi<br>Maximum known age: 4.62 Ga<br>Number of known localities: 2<br>Mean electronegativity: 1.87<br>COV electronegativity: 0.03<br></p>
Tochilinite,2,Louvain,Tochilinite,mineral,5,0.0033112582781456954,0.7142857142857143,4419,4.7,"6(Fe<sub>0.9</sub>S)·5[(Mg,Fe)(OH)<sub>2</sub>]","6(Fe^2+^_0.9_S^2-^)·5[(Mg,Fe^2+^)(OH)_2_]",2.1983333333333333,0.3372256478362073,NA,NA,NA,NA,NA,NA,NA,NA,NA,NA,NA,NA,2,courier,"<p>Tochilinite<br>6(Fe<sub>0.9</sub>S)·5[(Mg,Fe)(OH)<sub>2</sub>]<br>Maximum known age: 4.7 Ga<br>Number of known localities: 2<br>Mean electronegativity: 2.198<br>COV electronegativity: 0.337<br></p>"
Tremolite,6,Louvain,Tremolite,mineral,6,0.003496503496503496,0.8571428571428571,4442,4,[box]Ca<sub>2</sub>(Mg_5.0-4.5_Fe^2+^_0.0-0.5_)Si<sub>8</sub>O<sub>22</sub>(OH)<sub>2</sub>,[box]Ca_2_Mg_5_Si_8_O_22_(OH)_2_,1.9466666666666668,0.4365854110792049,NA,NA,NA,NA,NA,NA,NA,NA,NA,NA,NA,NA,1,courier,<p>Tremolite<br>[box]Ca<sub>2</sub>(Mg_5.0-4.5_Fe^2+^_0.0-0.5_)Si<sub>8</sub>O<sub>22</sub>(OH)<sub>2</sub><br>Maximum known age: 4 Ga<br>Number of known localities: 1<br>Mean electronegativity: 1.947<br>COV electronegativity: 0.437<br></p>
Trevorite,5,Louvain,Trevorite,mineral,3,0.003048780487804878,0.42857142857142855,4443,4.62,NiFe^3+^<sub>2</sub>O<sub>4</sub>,Ni^2+^Fe^3+^_2_O_4_,2.3933333333333335,0.37910392773157625,NA,NA,NA,NA,NA,NA,NA,NA,NA,NA,NA,NA,1,courier,<p>Trevorite<br>NiFe^3+^<sub>2</sub>O<sub>4</sub><br>Maximum known age: 4.62 Ga<br>Number of known localities: 1<br>Mean electronegativity: 2.393<br>COV electronegativity: 0.379<br></p>
Troilite,2,Louvain,Troilite,mineral,2,0.002631578947368421,0.2857142857142857,4460,4.7,FeS,Fe^2+^S^2-^,2.205,0.2405125106076692,NA,NA,NA,NA,NA,NA,NA,NA,NA,NA,NA,NA,6,courier,<p>Troilite<br>FeS<br>Maximum known age: 4.7 Ga<br>Number of known localities: 6<br>Mean electronegativity: 2.205<br>COV electronegativity: 0.241<br></p>
Violarite,2,Louvain,Violarite,mineral,3,0.002645502645502646,0.42857142857142855,4606,4,FeNi<sub>2</sub>S<sub>4</sub>,Fe^2+^Ni^3+^_2_S^2-^_4_,2.1066666666666665,0.19550585786175284,NA,NA,NA,NA,NA,NA,NA,NA,NA,NA,NA,NA,1,courier,<p>Violarite<br>FeNi<sub>2</sub>S<sub>4</sub><br>Maximum known age: 4 Ga<br>Number of known localities: 1<br>Mean electronegativity: 2.107<br>COV electronegativity: 0.196<br></p>
Wairauite,1,Louvain,Wairauite,mineral,2,0.002272727272727273,0.2857142857142857,4643,4.5685,CoFe,CoFe,1.855,0.019059481972683156,NA,NA,NA,NA,NA,NA,NA,NA,NA,NA,NA,NA,2,courier,<p>Wairauite<br>CoFe<br>Maximum known age: 4.5685 Ga<br>Number of known localities: 2<br>Mean electronegativity: 1.855<br>COV electronegativity: 0.019<br></p>
Wustite,2,Louvain,Wustite,mineral,2,0.003205128205128205,0.2857142857142857,4730,4.62,FeO,Fe^2+^O,2.635,0.4320462685807747,NA,NA,NA,NA,NA,NA,NA,NA,NA,NA,NA,NA,1,courier,<p>Wustite<br>FeO<br>Maximum known age: 4.62 Ga<br>Number of known localities: 1<br>Mean electronegativity: 2.635<br>COV electronegativity: 0.432<br></p>
Ca+2,6,Louvain, Ca+2,element,11,0.003105590062111801,0.275,NA,NA,NA,NA,NA,NA,Calcium,Hard acid,40.078,20,4,2,2.2,1,Alkaline Earth Metal,1.54,0.647,2,33,courier,<p>Calcium<br>Redox state: 2<br>Atomic mass: 40.078<br>Electronegativity: 1<br>Number of known localities: 33</p>
Mg+2,6,Louvain, Mg+2,element,9,0.0030864197530864196,0.225,NA,NA,NA,NA,NA,NA,Magnesium,Hard acid,24.305,12,3,2,1.7,1.31,Alkaline Earth Metal,1.74,1.023,2,26,courier,<p>Magnesium<br>Redox state: 2<br>Atomic mass: 24.305<br>Electronegativity: 1.31<br>Number of known localities: 26</p>
Fe+2,2,Louvain, Fe+2,element,39,0.0035971223021582736,0.975,NA,NA,NA,NA,NA,NA,Iron,Int. acid,55.845,26,4,8,1.7,1.83,Transition Metal,7.87,0.449,2,241,courier,<p>Iron<br>Redox state: 2<br>Atomic mass: 55.845<br>Electronegativity: 1.83<br>Number of known localities: 241</p>
Si+4,6,Louvain, Si+4,element,19,0.003289473684210526,0.475,NA,NA,NA,NA,NA,NA,Silicon,Hard acid,28.086,14,3,14,1.5,1.9,Metalloid,2.33,0.705,4,43,courier,<p>Silicon<br>Redox state: 4<br>Atomic mass: 28.086<br>Electronegativity: 1.9<br>Number of known localities: 43</p>
O-2,6,Louvain, O-2 ,element,40,0.004166666666666667,1,NA,NA,NA,NA,NA,NA,Oxygen,Hard base,15.999,8,2,16,0.65,3.44,Nonmetal,0.00143,0.918,-2,145,courier,<p>Oxygen<br>Redox state: -2<br>Atomic mass: 15.999<br>Electronegativity: 3.44<br>Number of known localities: 145</p>
H+1,6,Louvain, H+1 ,element,18,0.0034013605442176874,0.45,NA,NA,NA,NA,NA,NA,Hydrogen,Hard acid,1.007,1,1,1,0.79,2.2,Nonmetal,8.99e-5,14.304,1,37,courier,<p>Hydrogen<br>Redox state: 1<br>Atomic mass: 1.007<br>Electronegativity: 2.2<br>Number of known localities: 37</p>
Na+1,6,Louvain, Na+1,element,3,0.0024875621890547263,0.075,NA,NA,NA,NA,NA,NA,Sodium,Hard acid,22.99,11,3,1,2.2,0.93,Alkali Metal,0.971,1.228,1,3,courier,<p>Sodium<br>Redox state: 1<br>Atomic mass: 22.99<br>Electronegativity: 0.93<br>Number of known localities: 3</p>
Ti+4,6,Louvain, Ti+4,element,4,0.0025510204081632655,0.1,NA,NA,NA,NA,NA,NA,Titanium,Hard acid,47.867,22,4,4,2,1.54,Transition Metal,4.54,0.523,4,13,courier,<p>Titanium<br>Redox state: 4<br>Atomic mass: 47.867<br>Electronegativity: 1.54<br>Number of known localities: 13</p>
Fe+3,5,Louvain, Fe+3,element,21,0.003048780487804878,0.525,NA,NA,NA,NA,NA,NA,Iron,Int. acid,55.845,26,4,8,1.7,1.83,Transition Metal,7.87,0.449,3,205,courier,<p>Iron<br>Redox state: 3<br>Atomic mass: 55.845<br>Electronegativity: 1.83<br>Number of known localities: 205</p>
C,1,Louvain,  C  ,element,4,0.0028409090909090906,0.1,NA,NA,NA,NA,NA,NA,Carbon,Soft base,12.011,6,2,14,0.91,2.55,Nonmetal,2.27,0.709,NA,8,courier,<p>Carbon<br><br>Atomic mass: 12.011<br>Electronegativity: 2.55<br>Number of known localities: 8</p>
As,1,Louvain,  As ,element,2,0.00228310502283105,0.05,NA,NA,NA,NA,NA,NA,Arsenic,Hard acid,74.922,33,4,15,1.3,2.18,Metalloid,5.78,0.329,NA,16,courier,<p>Arsenic<br><br>Atomic mass: 74.922<br>Electronegativity: 2.18<br>Number of known localities: 16</p>
S,1,Louvain,  S  ,element,7,0.0029940119760479044,0.175,NA,NA,NA,NA,NA,NA,Sulfur,NA,32.065,16,3,16,1.1,2.58,Nonmetal,2.07,0.71,NA,72,courier,<p>Sulfur<br><br>Atomic mass: 32.065<br>Electronegativity: 2.58<br>Number of known localities: 72</p>
Ni,1,Louvain,  Ni ,element,9,0.002136752136752137,0.225,NA,NA,NA,NA,NA,NA,Nickel,Int. acid,58.693,28,4,10,1.6,1.91,Transition Metal,8.91,0.444,NA,25,courier,<p>Nickel<br><br>Atomic mass: 58.693<br>Electronegativity: 1.91<br>Number of known localities: 25</p>
Fe,1,Louvain,  Fe ,element,17,0.0029940119760479044,0.425,NA,NA,NA,NA,NA,NA,Iron,Int. acid,55.845,26,4,8,1.7,1.83,Transition Metal,7.87,0.449,NA,41,courier,<p>Iron<br><br>Atomic mass: 55.845<br>Electronegativity: 1.83<br>Number of known localities: 41</p>
P,1,Louvain,  P  ,element,2,0.0018382352941176473,0.05,NA,NA,NA,NA,NA,NA,Phosphorus,Soft base,30.974,15,3,15,1.2,2.19,Nonmetal,1.82,0.769,NA,5,courier,<p>Phosphorus<br><br>Atomic mass: 30.974<br>Electronegativity: 2.19<br>Number of known localities: 5</p>
Pb,5,Louvain,  Pb ,element,2,0.0023923444976076554,0.05,NA,NA,NA,NA,NA,NA,Lead,Int. acid,207.2,82,6,14,1.8,2.33,Metal,11.3,0.129,NA,2,courier,<p>Lead<br><br>Atomic mass: 207.2<br>Electronegativity: 2.33<br>Number of known localities: 2</p>
Cu+2,5,Louvain, Cu+2,element,1,0.002380952380952381,0.025,NA,NA,NA,NA,NA,NA,Copper,Int. acid,63.546,29,4,11,1.6,1.9,Transition Metal,8.96,0.385,2,1,courier,<p>Copper<br>Redox state: 2<br>Atomic mass: 63.546<br>Electronegativity: 1.9<br>Number of known localities: 1</p>
Sb+3,2,Louvain, Sb+3,element,1,0.00205761316872428,0.025,NA,NA,NA,NA,NA,NA,Antimony,Hard acid,121.76,51,5,15,1.5,2.05,Metalloid,6.69,0.207,3,1,courier,<p>Antimony<br>Redox state: 3<br>Atomic mass: 121.76<br>Electronegativity: 2.05<br>Number of known localities: 1</p>
S-2,2,Louvain, S-2 ,element,12,0.0027027027027027024,0.3,NA,NA,NA,NA,NA,NA,Sulfur,NA,32.065,16,3,16,1.1,2.58,Nonmetal,2.07,0.71,-2,121,courier,<p>Sulfur<br>Redox state: -2<br>Atomic mass: 32.065<br>Electronegativity: 2.58<br>Number of known localities: 121</p>
Cu+1,2,Louvain, Cu+1,element,6,0.002304147465437788,0.15,NA,NA,NA,NA,NA,NA,Copper,Int. acid,63.546,29,4,11,1.6,1.9,Transition Metal,8.96,0.385,1,51,courier,<p>Copper<br>Redox state: 1<br>Atomic mass: 63.546<br>Electronegativity: 1.9<br>Number of known localities: 51</p>
Al,6,Louvain,  Al ,element,8,0.002645502645502646,0.2,NA,NA,NA,NA,NA,NA,Aluminum,Hard acid,26.982,13,3,13,1.8,1.61,Metal,2.7,0.897,NA,15,courier,<p>Aluminum<br><br>Atomic mass: 26.982<br>Electronegativity: 1.61<br>Number of known localities: 15</p>
Cr+3,2,Louvain, Cr+3,element,2,0.0024390243902439024,0.05,NA,NA,NA,NA,NA,NA,Chromium,Hard acid,51.996,24,4,6,1.9,1.66,Transition Metal,7.15,0.449,3,9,courier,<p>Chromium<br>Redox state: 3<br>Atomic mass: 51.996<br>Electronegativity: 1.66<br>Number of known localities: 9</p>
V+3,2,Louvain, V+3 ,element,1,0.0023923444976076554,0.025,NA,NA,NA,NA,NA,NA,Vanadium,Hard acid,50.942,23,4,5,1.9,1.63,Transition Metal,6.11,0.489,3,2,courier,<p>Vanadium<br>Redox state: 3<br>Atomic mass: 50.942<br>Electronegativity: 1.63<br>Number of known localities: 2</p>
Te,1,Louvain,  Te ,element,1,0.0018248175182481753,0.025,NA,NA,NA,NA,NA,NA,Tellurium,Soft base,127.6,52,5,16,1.4,2.1,Metalloid,6.23,0.202,NA,1,courier,<p>Tellurium<br><br>Atomic mass: 127.6<br>Electronegativity: 2.1<br>Number of known localities: 1</p>
Mo,3,Louvain,  Mo ,element,1,0.0018450184501845018,0.025,NA,NA,NA,NA,NA,NA,Molybdenum,Int. acid,95.96,42,5,6,2,2.16,Transition Metal,10.2,0.251,NA,2,courier,<p>Molybdenum<br><br>Atomic mass: 95.96<br>Electronegativity: 2.16<br>Number of known localities: 2</p>
Ru,3,Louvain,  Ru ,element,1,0.0018450184501845018,0.025,NA,NA,NA,NA,NA,NA,Ruthenium,Soft acid,101.07,44,5,8,1.9,2.2,Transition Metal,12.4,0.238,NA,2,courier,<p>Ruthenium<br><br>Atomic mass: 101.07<br>Electronegativity: 2.2<br>Number of known localities: 2</p>
Ir,3,Louvain,  Ir ,element,1,0.0018450184501845018,0.025,NA,NA,NA,NA,NA,NA,Iridium,Soft acid,192.217,77,6,9,1.9,2.2,Transition Metal,22.6,0.131,NA,2,courier,<p>Iridium<br><br>Atomic mass: 192.217<br>Electronegativity: 2.2<br>Number of known localities: 2</p>
Os,3,Louvain,  Os ,element,1,0.0018450184501845018,0.025,NA,NA,NA,NA,NA,NA,Osmium,Soft acid,190.23,76,6,8,1.9,2.2,Transition Metal,22.6,0.13,NA,2,courier,<p>Osmium<br><br>Atomic mass: 190.23<br>Electronegativity: 2.2<br>Number of known localities: 2</p>
K+1,4,Louvain, K+1 ,element,2,0.002525252525252525,0.05,NA,NA,NA,NA,NA,NA,Potassium,Hard acid,39.098,19,4,1,2.8,0.82,Alkali Metal,0.862,0.757,1,3,courier,<p>Potassium<br>Redox state: 1<br>Atomic mass: 39.098<br>Electronegativity: 0.82<br>Number of known localities: 3</p>
S+6,4,Louvain, S+6 ,element,2,0.0024875621890547263,0.05,NA,NA,NA,NA,NA,NA,Sulfur,NA,32.065,16,3,16,1.1,2.58,Nonmetal,2.07,0.71,6,6,courier,<p>Sulfur<br>Redox state: 6<br>Atomic mass: 32.065<br>Electronegativity: 2.58<br>Number of known localities: 6</p>
Mo+4,2,Louvain, Mo+4,element,1,0.0023923444976076554,0.025,NA,NA,NA,NA,NA,NA,Molybdenum,Int. acid,95.96,42,5,6,2,2.16,Transition Metal,10.2,0.251,4,1,courier,<p>Molybdenum<br>Redox state: 4<br>Atomic mass: 95.96<br>Electronegativity: 2.16<br>Number of known localities: 1</p>
Cl-1,2,Louvain, Cl-1,element,1,0.0020325203252032522,0.025,NA,NA,NA,NA,NA,NA,Chlorine,NA,35.453,17,3,17,0.97,3.16,Halogen,0.00321,0.479,-1,1,courier,<p>Chlorine<br>Redox state: -1<br>Atomic mass: 35.453<br>Electronegativity: 3.16<br>Number of known localities: 1</p>
Ni+2,5,Louvain, Ni+2,element,2,0.002325581395348837,0.05,NA,NA,NA,NA,NA,NA,Nickel,Int. acid,58.693,28,4,10,1.6,1.91,Transition Metal,8.91,0.444,2,3,courier,<p>Nickel<br>Redox state: 2<br>Atomic mass: 58.693<br>Electronegativity: 1.91<br>Number of known localities: 3</p>
C+4,5,Louvain, C+4 ,element,1,0.002314814814814815,0.025,NA,NA,NA,NA,NA,NA,Carbon,Soft base,12.011,6,2,14,0.91,2.55,Nonmetal,2.27,0.709,4,2,courier,<p>Carbon<br>Redox state: 4<br>Atomic mass: 12.011<br>Electronegativity: 2.55<br>Number of known localities: 2</p>
N,1,Louvain,  N  ,element,1,0.0018315018315018317,0.025,NA,NA,NA,NA,NA,NA,Nitrogen,NA,14.007,7,2,15,0.75,3.04,Nonmetal,0.00125,1.04,NA,1,courier,<p>Nitrogen<br><br>Atomic mass: 14.007<br>Electronegativity: 3.04<br>Number of known localities: 1</p>
B,6,Louvain,  B  ,element,1,0.0024390243902439024,0.025,NA,NA,NA,NA,NA,NA,Boron,Soft acid,10.811,5,2,13,1.2,2.04,Metalloid,2.34,1.026,NA,1,courier,<p>Boron<br><br>Atomic mass: 10.811<br>Electronegativity: 2.04<br>Number of known localities: 1</p>
Sn+4,2,Louvain, Sn+4,element,1,0.002066115702479339,0.025,NA,NA,NA,NA,NA,NA,Tin,Hard acid,118.71,50,5,14,1.7,1.96,Metal,7.29,0.228,4,1,courier,<p>Tin<br>Redox state: 4<br>Atomic mass: 118.71<br>Electronegativity: 1.96<br>Number of known localities: 1</p>
As+3,2,Louvain, As+3,element,1,0.002066115702479339,0.025,NA,NA,NA,NA,NA,NA,Arsenic,Hard acid,74.922,33,4,15,1.3,2.18,Metalloid,5.78,0.329,3,6,courier,<p>Arsenic<br>Redox state: 3<br>Atomic mass: 74.922<br>Electronegativity: 2.18<br>Number of known localities: 6</p>
Ni+3,2,Louvain, Ni+3,element,1,0.00205761316872428,0.025,NA,NA,NA,NA,NA,NA,Nickel,Int. acid,58.693,28,4,10,1.6,1.91,Transition Metal,8.91,0.444,3,1,courier,<p>Nickel<br>Redox state: 3<br>Atomic mass: 58.693<br>Electronegativity: 1.91<br>Number of known localities: 1</p>
Co,1,Louvain,  Co ,element,1,0.0018248175182481753,0.025,NA,NA,NA,NA,NA,NA,Cobalt,Int. acid,58.933,27,4,9,1.7,1.88,Transition Metal,8.86,0.421,NA,2,courier,<p>Cobalt<br><br>Atomic mass: 58.933<br>Electronegativity: 1.88<br>Number of known localities: 2</p>
